-7,-47,etDHbLKrXynqzXSQzWpdUdJv5Zo=,HDDyt1XeiY5ztpMeBng1OcCkeyE=
-6,-47,etDHbLKrXynqzXSQzWpdUdJv5Zo=,HDDyt1XeiY5ztpMeBng1OcCkeyE=
-5,-47,etDHbLKrXynqzXSQzWpdUdJv5Zo=,HDDyt1XeiY5ztpMeBng1OcCkeyE=
-4,-47,etDHbLKrXynqzXSQzWpdUdJv5Zo=,HDDyt1XeiY5ztpMeBng1OcCkeyE=
-3,-47,etDHbLKrXynqzXSQzWpdUdJv5Zo=,HDDyt1XeiY5ztpMeBng1OcCkeyE=
-2,-47,etDHbLKrXynqzXSQzWpdUdJv5Zo=,HDDyt1XeiY5ztpMeBng1OcCkeyE=
-7,-46,etDHbLKrXynqzXSQzWpdUdJv5Zo=,HDDyt1XeiY5ztpMeBng1OcCkeyE=
-2,-42,etDHbLKrXynqzXSQzWpdUdJv5Zo=,HDDyt1XeiY5ztpMeBng1OcCkeyE=
-6,-46,etDHbLKrXynqzXSQzWpdUdJv5Zo=,HDDyt1XeiY5ztpMeBng1OcCkeyE=
-5,-46,etDHbLKrXynqzXSQzWpdUdJv5Zo=,HDDyt1XeiY5ztpMeBng1OcCkeyE=
-4,-46,etDHbLKrXynqzXSQzWpdUdJv5Zo=,HDDyt1XeiY5ztpMeBng1OcCkeyE=
-3,-46,etDHbLKrXynqzXSQzWpdUdJv5Zo=,HDDyt1XeiY5ztpMeBng1OcCkeyE=
-2,-46,etDHbLKrXynqzXSQzWpdUdJv5Zo=,HDDyt1XeiY5ztpMeBng1OcCkeyE=
-3,-42,etDHbLKrXynqzXSQzWpdUdJv5Zo=,HDDyt1XeiY5ztpMeBng1OcCkeyE=
-7,-45,etDHbLKrXynqzXSQzWpdUdJv5Zo=,HDDyt1XeiY5ztpMeBng1OcCkeyE=
-6,-45,etDHbLKrXynqzXSQzWpdUdJv5Zo=,HDDyt1XeiY5ztpMeBng1OcCkeyE=
-5,-45,etDHbLKrXynqzXSQzWpdUdJv5Zo=,HDDyt1XeiY5ztpMeBng1OcCkeyE=
-4,-45,etDHbLKrXynqzXSQzWpdUdJv5Zo=,HDDyt1XeiY5ztpMeBng1OcCkeyE=
-3,-45,etDHbLKrXynqzXSQzWpdUdJv5Zo=,HDDyt1XeiY5ztpMeBng1OcCkeyE=
-2,-45,etDHbLKrXynqzXSQzWpdUdJv5Zo=,HDDyt1XeiY5ztpMeBng1OcCkeyE=
-7,-44,etDHbLKrXynqzXSQzWpdUdJv5Zo=,HDDyt1XeiY5ztpMeBng1OcCkeyE=
-4,-42,etDHbLKrXynqzXSQzWpdUdJv5Zo=,HDDyt1XeiY5ztpMeBng1OcCkeyE=
-6,-44,etDHbLKrXynqzXSQzWpdUdJv5Zo=,HDDyt1XeiY5ztpMeBng1OcCkeyE=
-5,-44,etDHbLKrXynqzXSQzWpdUdJv5Zo=,HDDyt1XeiY5ztpMeBng1OcCkeyE=
-4,-44,etDHbLKrXynqzXSQzWpdUdJv5Zo=,HDDyt1XeiY5ztpMeBng1OcCkeyE=
-5,-42,etDHbLKrXynqzXSQzWpdUdJv5Zo=,HDDyt1XeiY5ztpMeBng1OcCkeyE=
-3,-44,etDHbLKrXynqzXSQzWpdUdJv5Zo=,HDDyt1XeiY5ztpMeBng1OcCkeyE=
-2,-44,etDHbLKrXynqzXSQzWpdUdJv5Zo=,HDDyt1XeiY5ztpMeBng1OcCkeyE=
-7,-43,etDHbLKrXynqzXSQzWpdUdJv5Zo=,HDDyt1XeiY5ztpMeBng1OcCkeyE=
-6,-42,etDHbLKrXynqzXSQzWpdUdJv5Zo=,HDDyt1XeiY5ztpMeBng1OcCkeyE=
-6,-43,etDHbLKrXynqzXSQzWpdUdJv5Zo=,HDDyt1XeiY5ztpMeBng1OcCkeyE=
-5,-43,etDHbLKrXynqzXSQzWpdUdJv5Zo=,HDDyt1XeiY5ztpMeBng1OcCkeyE=
-7,-42,etDHbLKrXynqzXSQzWpdUdJv5Zo=,HDDyt1XeiY5ztpMeBng1OcCkeyE=
-2,-43,etDHbLKrXynqzXSQzWpdUdJv5Zo=,HDDyt1XeiY5ztpMeBng1OcCkeyE=
-4,-43,etDHbLKrXynqzXSQzWpdUdJv5Zo=,HDDyt1XeiY5ztpMeBng1OcCkeyE=
-3,-43,etDHbLKrXynqzXSQzWpdUdJv5Zo=,HDDyt1XeiY5ztpMeBng1OcCkeyE=
-4,-39,etDHbLKrXynqzXSQzWpdUdJv5Zo=,llUyESOyfksuDbMElEBc4Vi0HDM=
-3,-39,etDHbLKrXynqzXSQzWpdUdJv5Zo=,llUyESOyfksuDbMElEBc4Vi0HDM=
-2,-39,etDHbLKrXynqzXSQzWpdUdJv5Zo=,llUyESOyfksuDbMElEBc4Vi0HDM=
-7,-40,etDHbLKrXynqzXSQzWpdUdJv5Zo=,llUyESOyfksuDbMElEBc4Vi0HDM=
-4,-38,etDHbLKrXynqzXSQzWpdUdJv5Zo=,llUyESOyfksuDbMElEBc4Vi0HDM=
-4,-41,etDHbLKrXynqzXSQzWpdUdJv5Zo=,HDDyt1XeiY5ztpMeBng1OcCkeyE=
-5,-38,etDHbLKrXynqzXSQzWpdUdJv5Zo=,llUyESOyfksuDbMElEBc4Vi0HDM=
-6,-38,etDHbLKrXynqzXSQzWpdUdJv5Zo=,llUyESOyfksuDbMElEBc4Vi0HDM=
-7,-38,etDHbLKrXynqzXSQzWpdUdJv5Zo=,llUyESOyfksuDbMElEBc4Vi0HDM=
-5,-33,etDHbLKrXynqzXSQzWpdUdJv5Zo=,llUyESOyfksuDbMElEBc4Vi0HDM=
-6,-41,etDHbLKrXynqzXSQzWpdUdJv5Zo=,HDDyt1XeiY5ztpMeBng1OcCkeyE=
-3,-34,etDHbLKrXynqzXSQzWpdUdJv5Zo=,llUyESOyfksuDbMElEBc4Vi0HDM=
-7,-41,etDHbLKrXynqzXSQzWpdUdJv5Zo=,HDDyt1XeiY5ztpMeBng1OcCkeyE=
-6,-33,etDHbLKrXynqzXSQzWpdUdJv5Zo=,llUyESOyfksuDbMElEBc4Vi0HDM=
-5,-41,etDHbLKrXynqzXSQzWpdUdJv5Zo=,HDDyt1XeiY5ztpMeBng1OcCkeyE=
-2,-35,etDHbLKrXynqzXSQzWpdUdJv5Zo=,llUyESOyfksuDbMElEBc4Vi0HDM=
-7,-35,etDHbLKrXynqzXSQzWpdUdJv5Zo=,llUyESOyfksuDbMElEBc4Vi0HDM=
-7,-33,etDHbLKrXynqzXSQzWpdUdJv5Zo=,llUyESOyfksuDbMElEBc4Vi0HDM=
-5,-39,etDHbLKrXynqzXSQzWpdUdJv5Zo=,llUyESOyfksuDbMElEBc4Vi0HDM=
-2,-34,etDHbLKrXynqzXSQzWpdUdJv5Zo=,llUyESOyfksuDbMElEBc4Vi0HDM=
-6,-39,etDHbLKrXynqzXSQzWpdUdJv5Zo=,llUyESOyfksuDbMElEBc4Vi0HDM=
-7,-39,etDHbLKrXynqzXSQzWpdUdJv5Zo=,llUyESOyfksuDbMElEBc4Vi0HDM=
-5,-40,etDHbLKrXynqzXSQzWpdUdJv5Zo=,llUyESOyfksuDbMElEBc4Vi0HDM=
-3,-35,etDHbLKrXynqzXSQzWpdUdJv5Zo=,llUyESOyfksuDbMElEBc4Vi0HDM=
-5,-34,etDHbLKrXynqzXSQzWpdUdJv5Zo=,llUyESOyfksuDbMElEBc4Vi0HDM=
-4,-34,etDHbLKrXynqzXSQzWpdUdJv5Zo=,llUyESOyfksuDbMElEBc4Vi0HDM=
-4,-35,etDHbLKrXynqzXSQzWpdUdJv5Zo=,llUyESOyfksuDbMElEBc4Vi0HDM=
-6,-34,etDHbLKrXynqzXSQzWpdUdJv5Zo=,llUyESOyfksuDbMElEBc4Vi0HDM=
-2,-36,etDHbLKrXynqzXSQzWpdUdJv5Zo=,llUyESOyfksuDbMElEBc4Vi0HDM=
-7,-34,etDHbLKrXynqzXSQzWpdUdJv5Zo=,llUyESOyfksuDbMElEBc4Vi0HDM=
-3,-36,etDHbLKrXynqzXSQzWpdUdJv5Zo=,llUyESOyfksuDbMElEBc4Vi0HDM=
-2,-40,etDHbLKrXynqzXSQzWpdUdJv5Zo=,llUyESOyfksuDbMElEBc4Vi0HDM=
-5,-36,etDHbLKrXynqzXSQzWpdUdJv5Zo=,llUyESOyfksuDbMElEBc4Vi0HDM=
-4,-36,etDHbLKrXynqzXSQzWpdUdJv5Zo=,llUyESOyfksuDbMElEBc4Vi0HDM=
-6,-36,etDHbLKrXynqzXSQzWpdUdJv5Zo=,llUyESOyfksuDbMElEBc4Vi0HDM=
-1,-38,etDHbLKrXynqzXSQzWpdUdJv5Zo=,llUyESOyfksuDbMElEBc4Vi0HDM=
-1,-37,etDHbLKrXynqzXSQzWpdUdJv5Zo=,llUyESOyfksuDbMElEBc4Vi0HDM=
-1,-36,etDHbLKrXynqzXSQzWpdUdJv5Zo=,llUyESOyfksuDbMElEBc4Vi0HDM=
-5,-35,etDHbLKrXynqzXSQzWpdUdJv5Zo=,llUyESOyfksuDbMElEBc4Vi0HDM=
-1,-34,etDHbLKrXynqzXSQzWpdUdJv5Zo=,llUyESOyfksuDbMElEBc4Vi0HDM=
-1,-39,etDHbLKrXynqzXSQzWpdUdJv5Zo=,llUyESOyfksuDbMElEBc4Vi0HDM=
-1,-35,etDHbLKrXynqzXSQzWpdUdJv5Zo=,llUyESOyfksuDbMElEBc4Vi0HDM=
-6,-40,etDHbLKrXynqzXSQzWpdUdJv5Zo=,llUyESOyfksuDbMElEBc4Vi0HDM=
-5,-37,etDHbLKrXynqzXSQzWpdUdJv5Zo=,llUyESOyfksuDbMElEBc4Vi0HDM=
-6,-37,etDHbLKrXynqzXSQzWpdUdJv5Zo=,llUyESOyfksuDbMElEBc4Vi0HDM=
-7,-36,etDHbLKrXynqzXSQzWpdUdJv5Zo=,llUyESOyfksuDbMElEBc4Vi0HDM=
-7,-37,etDHbLKrXynqzXSQzWpdUdJv5Zo=,llUyESOyfksuDbMElEBc4Vi0HDM=
-3,-40,etDHbLKrXynqzXSQzWpdUdJv5Zo=,llUyESOyfksuDbMElEBc4Vi0HDM=
-2,-38,etDHbLKrXynqzXSQzWpdUdJv5Zo=,llUyESOyfksuDbMElEBc4Vi0HDM=
-3,-38,etDHbLKrXynqzXSQzWpdUdJv5Zo=,llUyESOyfksuDbMElEBc4Vi0HDM=
-4,-40,etDHbLKrXynqzXSQzWpdUdJv5Zo=,llUyESOyfksuDbMElEBc4Vi0HDM=
-2,-37,etDHbLKrXynqzXSQzWpdUdJv5Zo=,llUyESOyfksuDbMElEBc4Vi0HDM=
-2,-33,etDHbLKrXynqzXSQzWpdUdJv5Zo=,llUyESOyfksuDbMElEBc4Vi0HDM=
-6,-35,etDHbLKrXynqzXSQzWpdUdJv5Zo=,llUyESOyfksuDbMElEBc4Vi0HDM=
-3,-33,etDHbLKrXynqzXSQzWpdUdJv5Zo=,llUyESOyfksuDbMElEBc4Vi0HDM=
-3,-37,etDHbLKrXynqzXSQzWpdUdJv5Zo=,llUyESOyfksuDbMElEBc4Vi0HDM=
-2,-41,etDHbLKrXynqzXSQzWpdUdJv5Zo=,HDDyt1XeiY5ztpMeBng1OcCkeyE=
-3,-41,etDHbLKrXynqzXSQzWpdUdJv5Zo=,HDDyt1XeiY5ztpMeBng1OcCkeyE=
-4,-37,etDHbLKrXynqzXSQzWpdUdJv5Zo=,llUyESOyfksuDbMElEBc4Vi0HDM=
-4,-33,etDHbLKrXynqzXSQzWpdUdJv5Zo=,llUyESOyfksuDbMElEBc4Vi0HDM=
-7,-48,etDHbLKrXynqzXSQzWpdUdJv5Zo=,HDDyt1XeiY5ztpMeBng1OcCkeyE=
-2,-48,etDHbLKrXynqzXSQzWpdUdJv5Zo=,HDDyt1XeiY5ztpMeBng1OcCkeyE=
-3,-48,etDHbLKrXynqzXSQzWpdUdJv5Zo=,HDDyt1XeiY5ztpMeBng1OcCkeyE=
-1,-41,etDHbLKrXynqzXSQzWpdUdJv5Zo=,HDDyt1XeiY5ztpMeBng1OcCkeyE=
-1,-42,etDHbLKrXynqzXSQzWpdUdJv5Zo=,HDDyt1XeiY5ztpMeBng1OcCkeyE=
-1,-47,etDHbLKrXynqzXSQzWpdUdJv5Zo=,HDDyt1XeiY5ztpMeBng1OcCkeyE=
-1,-43,etDHbLKrXynqzXSQzWpdUdJv5Zo=,HDDyt1XeiY5ztpMeBng1OcCkeyE=
-1,-40,etDHbLKrXynqzXSQzWpdUdJv5Zo=,llUyESOyfksuDbMElEBc4Vi0HDM=
-1,-46,etDHbLKrXynqzXSQzWpdUdJv5Zo=,HDDyt1XeiY5ztpMeBng1OcCkeyE=
-1,-45,etDHbLKrXynqzXSQzWpdUdJv5Zo=,HDDyt1XeiY5ztpMeBng1OcCkeyE=
-1,-44,etDHbLKrXynqzXSQzWpdUdJv5Zo=,HDDyt1XeiY5ztpMeBng1OcCkeyE=
-4,-48,etDHbLKrXynqzXSQzWpdUdJv5Zo=,HDDyt1XeiY5ztpMeBng1OcCkeyE=
-5,-48,etDHbLKrXynqzXSQzWpdUdJv5Zo=,HDDyt1XeiY5ztpMeBng1OcCkeyE=
-6,-48,etDHbLKrXynqzXSQzWpdUdJv5Zo=,HDDyt1XeiY5ztpMeBng1OcCkeyE=
-1,-33,etDHbLKrXynqzXSQzWpdUdJv5Zo=,llUyESOyfksuDbMElEBc4Vi0HDM=
-1,-48,etDHbLKrXynqzXSQzWpdUdJv5Zo=,HDDyt1XeiY5ztpMeBng1OcCkeyE=
-12,-37,etDHbLKrXynqzXSQzWpdUdJv5Zo=,UanTQuFbQmnnH7CAkBGgmjPvvQ8=
-11,-37,etDHbLKrXynqzXSQzWpdUdJv5Zo=,UanTQuFbQmnnH7CAkBGgmjPvvQ8=
-10,-37,etDHbLKrXynqzXSQzWpdUdJv5Zo=,UanTQuFbQmnnH7CAkBGgmjPvvQ8=
-9,-37,etDHbLKrXynqzXSQzWpdUdJv5Zo=,UanTQuFbQmnnH7CAkBGgmjPvvQ8=
-8,-37,etDHbLKrXynqzXSQzWpdUdJv5Zo=,llUyESOyfksuDbMElEBc4Vi0HDM=
-16,-36,etDHbLKrXynqzXSQzWpdUdJv5Zo=,UanTQuFbQmnnH7CAkBGgmjPvvQ8=
-8,-36,etDHbLKrXynqzXSQzWpdUdJv5Zo=,llUyESOyfksuDbMElEBc4Vi0HDM=
-15,-36,etDHbLKrXynqzXSQzWpdUdJv5Zo=,UanTQuFbQmnnH7CAkBGgmjPvvQ8=
-14,-36,etDHbLKrXynqzXSQzWpdUdJv5Zo=,UanTQuFbQmnnH7CAkBGgmjPvvQ8=
-13,-36,etDHbLKrXynqzXSQzWpdUdJv5Zo=,UanTQuFbQmnnH7CAkBGgmjPvvQ8=
-12,-36,etDHbLKrXynqzXSQzWpdUdJv5Zo=,UanTQuFbQmnnH7CAkBGgmjPvvQ8=
-9,-33,etDHbLKrXynqzXSQzWpdUdJv5Zo=,UanTQuFbQmnnH7CAkBGgmjPvvQ8=
-14,-37,etDHbLKrXynqzXSQzWpdUdJv5Zo=,UanTQuFbQmnnH7CAkBGgmjPvvQ8=
-13,-37,etDHbLKrXynqzXSQzWpdUdJv5Zo=,UanTQuFbQmnnH7CAkBGgmjPvvQ8=
-15,-37,etDHbLKrXynqzXSQzWpdUdJv5Zo=,UanTQuFbQmnnH7CAkBGgmjPvvQ8=
-10,-33,etDHbLKrXynqzXSQzWpdUdJv5Zo=,UanTQuFbQmnnH7CAkBGgmjPvvQ8=
-8,-38,etDHbLKrXynqzXSQzWpdUdJv5Zo=,llUyESOyfksuDbMElEBc4Vi0HDM=
-11,-33,etDHbLKrXynqzXSQzWpdUdJv5Zo=,UanTQuFbQmnnH7CAkBGgmjPvvQ8=
-13,-33,etDHbLKrXynqzXSQzWpdUdJv5Zo=,UanTQuFbQmnnH7CAkBGgmjPvvQ8=
-12,-33,etDHbLKrXynqzXSQzWpdUdJv5Zo=,UanTQuFbQmnnH7CAkBGgmjPvvQ8=
-16,-37,etDHbLKrXynqzXSQzWpdUdJv5Zo=,UanTQuFbQmnnH7CAkBGgmjPvvQ8=
-9,-38,etDHbLKrXynqzXSQzWpdUdJv5Zo=,UanTQuFbQmnnH7CAkBGgmjPvvQ8=
-14,-33,etDHbLKrXynqzXSQzWpdUdJv5Zo=,UanTQuFbQmnnH7CAkBGgmjPvvQ8=
-10,-38,etDHbLKrXynqzXSQzWpdUdJv5Zo=,UanTQuFbQmnnH7CAkBGgmjPvvQ8=
-8,-33,etDHbLKrXynqzXSQzWpdUdJv5Zo=,llUyESOyfksuDbMElEBc4Vi0HDM=
-11,-38,etDHbLKrXynqzXSQzWpdUdJv5Zo=,UanTQuFbQmnnH7CAkBGgmjPvvQ8=
-8,-35,etDHbLKrXynqzXSQzWpdUdJv5Zo=,llUyESOyfksuDbMElEBc4Vi0HDM=
-13,-38,etDHbLKrXynqzXSQzWpdUdJv5Zo=,UanTQuFbQmnnH7CAkBGgmjPvvQ8=
-12,-38,etDHbLKrXynqzXSQzWpdUdJv5Zo=,UanTQuFbQmnnH7CAkBGgmjPvvQ8=
-15,-33,etDHbLKrXynqzXSQzWpdUdJv5Zo=,UanTQuFbQmnnH7CAkBGgmjPvvQ8=
-9,-34,etDHbLKrXynqzXSQzWpdUdJv5Zo=,UanTQuFbQmnnH7CAkBGgmjPvvQ8=
-14,-38,etDHbLKrXynqzXSQzWpdUdJv5Zo=,UanTQuFbQmnnH7CAkBGgmjPvvQ8=
-16,-38,etDHbLKrXynqzXSQzWpdUdJv5Zo=,UanTQuFbQmnnH7CAkBGgmjPvvQ8=
-9,-39,etDHbLKrXynqzXSQzWpdUdJv5Zo=,UanTQuFbQmnnH7CAkBGgmjPvvQ8=
-15,-38,etDHbLKrXynqzXSQzWpdUdJv5Zo=,UanTQuFbQmnnH7CAkBGgmjPvvQ8=
-10,-34,etDHbLKrXynqzXSQzWpdUdJv5Zo=,UanTQuFbQmnnH7CAkBGgmjPvvQ8=
-11,-39,etDHbLKrXynqzXSQzWpdUdJv5Zo=,UanTQuFbQmnnH7CAkBGgmjPvvQ8=
-11,-34,etDHbLKrXynqzXSQzWpdUdJv5Zo=,UanTQuFbQmnnH7CAkBGgmjPvvQ8=
-16,-33,etDHbLKrXynqzXSQzWpdUdJv5Zo=,UanTQuFbQmnnH7CAkBGgmjPvvQ8=
-10,-39,etDHbLKrXynqzXSQzWpdUdJv5Zo=,UanTQuFbQmnnH7CAkBGgmjPvvQ8=
-12,-34,etDHbLKrXynqzXSQzWpdUdJv5Zo=,UanTQuFbQmnnH7CAkBGgmjPvvQ8=
-12,-39,etDHbLKrXynqzXSQzWpdUdJv5Zo=,UanTQuFbQmnnH7CAkBGgmjPvvQ8=
-13,-39,etDHbLKrXynqzXSQzWpdUdJv5Zo=,UanTQuFbQmnnH7CAkBGgmjPvvQ8=
-14,-39,etDHbLKrXynqzXSQzWpdUdJv5Zo=,UanTQuFbQmnnH7CAkBGgmjPvvQ8=
-15,-39,etDHbLKrXynqzXSQzWpdUdJv5Zo=,UanTQuFbQmnnH7CAkBGgmjPvvQ8=
-16,-39,etDHbLKrXynqzXSQzWpdUdJv5Zo=,UanTQuFbQmnnH7CAkBGgmjPvvQ8=
-13,-34,etDHbLKrXynqzXSQzWpdUdJv5Zo=,UanTQuFbQmnnH7CAkBGgmjPvvQ8=
-8,-39,etDHbLKrXynqzXSQzWpdUdJv5Zo=,llUyESOyfksuDbMElEBc4Vi0HDM=
-14,-34,etDHbLKrXynqzXSQzWpdUdJv5Zo=,UanTQuFbQmnnH7CAkBGgmjPvvQ8=
-15,-34,etDHbLKrXynqzXSQzWpdUdJv5Zo=,UanTQuFbQmnnH7CAkBGgmjPvvQ8=
-16,-34,etDHbLKrXynqzXSQzWpdUdJv5Zo=,UanTQuFbQmnnH7CAkBGgmjPvvQ8=
-9,-35,etDHbLKrXynqzXSQzWpdUdJv5Zo=,UanTQuFbQmnnH7CAkBGgmjPvvQ8=
-10,-35,etDHbLKrXynqzXSQzWpdUdJv5Zo=,UanTQuFbQmnnH7CAkBGgmjPvvQ8=
-11,-35,etDHbLKrXynqzXSQzWpdUdJv5Zo=,UanTQuFbQmnnH7CAkBGgmjPvvQ8=
-14,-35,etDHbLKrXynqzXSQzWpdUdJv5Zo=,UanTQuFbQmnnH7CAkBGgmjPvvQ8=
-13,-35,etDHbLKrXynqzXSQzWpdUdJv5Zo=,UanTQuFbQmnnH7CAkBGgmjPvvQ8=
-15,-35,etDHbLKrXynqzXSQzWpdUdJv5Zo=,UanTQuFbQmnnH7CAkBGgmjPvvQ8=
-9,-36,etDHbLKrXynqzXSQzWpdUdJv5Zo=,UanTQuFbQmnnH7CAkBGgmjPvvQ8=
-10,-36,etDHbLKrXynqzXSQzWpdUdJv5Zo=,UanTQuFbQmnnH7CAkBGgmjPvvQ8=
-8,-34,etDHbLKrXynqzXSQzWpdUdJv5Zo=,llUyESOyfksuDbMElEBc4Vi0HDM=
-11,-36,etDHbLKrXynqzXSQzWpdUdJv5Zo=,UanTQuFbQmnnH7CAkBGgmjPvvQ8=
-12,-35,etDHbLKrXynqzXSQzWpdUdJv5Zo=,UanTQuFbQmnnH7CAkBGgmjPvvQ8=
-16,-35,etDHbLKrXynqzXSQzWpdUdJv5Zo=,UanTQuFbQmnnH7CAkBGgmjPvvQ8=
-16,-43,etDHbLKrXynqzXSQzWpdUdJv5Zo=,Dku8wi3hoIB1Rw/t2hOJo1i4JR0=
-10,-44,etDHbLKrXynqzXSQzWpdUdJv5Zo=,Dku8wi3hoIB1Rw/t2hOJo1i4JR0=
-11,-44,etDHbLKrXynqzXSQzWpdUdJv5Zo=,Dku8wi3hoIB1Rw/t2hOJo1i4JR0=
-12,-44,etDHbLKrXynqzXSQzWpdUdJv5Zo=,Dku8wi3hoIB1Rw/t2hOJo1i4JR0=
-15,-43,etDHbLKrXynqzXSQzWpdUdJv5Zo=,Dku8wi3hoIB1Rw/t2hOJo1i4JR0=
-12,-43,etDHbLKrXynqzXSQzWpdUdJv5Zo=,Dku8wi3hoIB1Rw/t2hOJo1i4JR0=
-9,-44,etDHbLKrXynqzXSQzWpdUdJv5Zo=,Dku8wi3hoIB1Rw/t2hOJo1i4JR0=
-14,-43,etDHbLKrXynqzXSQzWpdUdJv5Zo=,Dku8wi3hoIB1Rw/t2hOJo1i4JR0=
-13,-44,etDHbLKrXynqzXSQzWpdUdJv5Zo=,Dku8wi3hoIB1Rw/t2hOJo1i4JR0=
-16,-44,etDHbLKrXynqzXSQzWpdUdJv5Zo=,Dku8wi3hoIB1Rw/t2hOJo1i4JR0=
-15,-44,etDHbLKrXynqzXSQzWpdUdJv5Zo=,Dku8wi3hoIB1Rw/t2hOJo1i4JR0=
-8,-41,etDHbLKrXynqzXSQzWpdUdJv5Zo=,HDDyt1XeiY5ztpMeBng1OcCkeyE=
-10,-45,etDHbLKrXynqzXSQzWpdUdJv5Zo=,Dku8wi3hoIB1Rw/t2hOJo1i4JR0=
-13,-43,etDHbLKrXynqzXSQzWpdUdJv5Zo=,Dku8wi3hoIB1Rw/t2hOJo1i4JR0=
-11,-43,etDHbLKrXynqzXSQzWpdUdJv5Zo=,Dku8wi3hoIB1Rw/t2hOJo1i4JR0=
-9,-45,etDHbLKrXynqzXSQzWpdUdJv5Zo=,Dku8wi3hoIB1Rw/t2hOJo1i4JR0=
-11,-45,etDHbLKrXynqzXSQzWpdUdJv5Zo=,Dku8wi3hoIB1Rw/t2hOJo1i4JR0=
-14,-44,etDHbLKrXynqzXSQzWpdUdJv5Zo=,Dku8wi3hoIB1Rw/t2hOJo1i4JR0=
-8,-42,etDHbLKrXynqzXSQzWpdUdJv5Zo=,HDDyt1XeiY5ztpMeBng1OcCkeyE=
-10,-43,etDHbLKrXynqzXSQzWpdUdJv5Zo=,Dku8wi3hoIB1Rw/t2hOJo1i4JR0=
-12,-45,etDHbLKrXynqzXSQzWpdUdJv5Zo=,Dku8wi3hoIB1Rw/t2hOJo1i4JR0=
-16,-45,etDHbLKrXynqzXSQzWpdUdJv5Zo=,Dku8wi3hoIB1Rw/t2hOJo1i4JR0=
-13,-45,etDHbLKrXynqzXSQzWpdUdJv5Zo=,Dku8wi3hoIB1Rw/t2hOJo1i4JR0=
-15,-45,etDHbLKrXynqzXSQzWpdUdJv5Zo=,Dku8wi3hoIB1Rw/t2hOJo1i4JR0=
-10,-46,etDHbLKrXynqzXSQzWpdUdJv5Zo=,Dku8wi3hoIB1Rw/t2hOJo1i4JR0=
-14,-45,etDHbLKrXynqzXSQzWpdUdJv5Zo=,Dku8wi3hoIB1Rw/t2hOJo1i4JR0=
-8,-43,etDHbLKrXynqzXSQzWpdUdJv5Zo=,HDDyt1XeiY5ztpMeBng1OcCkeyE=
-9,-43,etDHbLKrXynqzXSQzWpdUdJv5Zo=,Dku8wi3hoIB1Rw/t2hOJo1i4JR0=
-16,-42,etDHbLKrXynqzXSQzWpdUdJv5Zo=,Dku8wi3hoIB1Rw/t2hOJo1i4JR0=
-16,-48,etDHbLKrXynqzXSQzWpdUdJv5Zo=,Dku8wi3hoIB1Rw/t2hOJo1i4JR0=
-15,-48,etDHbLKrXynqzXSQzWpdUdJv5Zo=,Dku8wi3hoIB1Rw/t2hOJo1i4JR0=
-8,-40,etDHbLKrXynqzXSQzWpdUdJv5Zo=,llUyESOyfksuDbMElEBc4Vi0HDM=
-9,-46,etDHbLKrXynqzXSQzWpdUdJv5Zo=,Dku8wi3hoIB1Rw/t2hOJo1i4JR0=
-14,-48,etDHbLKrXynqzXSQzWpdUdJv5Zo=,Dku8wi3hoIB1Rw/t2hOJo1i4JR0=
-11,-46,etDHbLKrXynqzXSQzWpdUdJv5Zo=,Dku8wi3hoIB1Rw/t2hOJo1i4JR0=
-8,-48,etDHbLKrXynqzXSQzWpdUdJv5Zo=,HDDyt1XeiY5ztpMeBng1OcCkeyE=
-9,-40,etDHbLKrXynqzXSQzWpdUdJv5Zo=,UanTQuFbQmnnH7CAkBGgmjPvvQ8=
-12,-46,etDHbLKrXynqzXSQzWpdUdJv5Zo=,Dku8wi3hoIB1Rw/t2hOJo1i4JR0=
-10,-40,etDHbLKrXynqzXSQzWpdUdJv5Zo=,UanTQuFbQmnnH7CAkBGgmjPvvQ8=
-16,-46,etDHbLKrXynqzXSQzWpdUdJv5Zo=,Dku8wi3hoIB1Rw/t2hOJo1i4JR0=
-8,-44,etDHbLKrXynqzXSQzWpdUdJv5Zo=,HDDyt1XeiY5ztpMeBng1OcCkeyE=
-13,-46,etDHbLKrXynqzXSQzWpdUdJv5Zo=,Dku8wi3hoIB1Rw/t2hOJo1i4JR0=
-11,-40,etDHbLKrXynqzXSQzWpdUdJv5Zo=,UanTQuFbQmnnH7CAkBGgmjPvvQ8=
-15,-46,etDHbLKrXynqzXSQzWpdUdJv5Zo=,Dku8wi3hoIB1Rw/t2hOJo1i4JR0=
-12,-40,etDHbLKrXynqzXSQzWpdUdJv5Zo=,UanTQuFbQmnnH7CAkBGgmjPvvQ8=
-14,-46,etDHbLKrXynqzXSQzWpdUdJv5Zo=,Dku8wi3hoIB1Rw/t2hOJo1i4JR0=
-9,-47,etDHbLKrXynqzXSQzWpdUdJv5Zo=,Dku8wi3hoIB1Rw/t2hOJo1i4JR0=
-16,-40,etDHbLKrXynqzXSQzWpdUdJv5Zo=,UanTQuFbQmnnH7CAkBGgmjPvvQ8=
-13,-40,etDHbLKrXynqzXSQzWpdUdJv5Zo=,UanTQuFbQmnnH7CAkBGgmjPvvQ8=
-13,-48,etDHbLKrXynqzXSQzWpdUdJv5Zo=,Dku8wi3hoIB1Rw/t2hOJo1i4JR0=
-10,-47,etDHbLKrXynqzXSQzWpdUdJv5Zo=,Dku8wi3hoIB1Rw/t2hOJo1i4JR0=
-14,-40,etDHbLKrXynqzXSQzWpdUdJv5Zo=,UanTQuFbQmnnH7CAkBGgmjPvvQ8=
-15,-40,etDHbLKrXynqzXSQzWpdUdJv5Zo=,UanTQuFbQmnnH7CAkBGgmjPvvQ8=
-9,-41,etDHbLKrXynqzXSQzWpdUdJv5Zo=,Dku8wi3hoIB1Rw/t2hOJo1i4JR0=
-8,-45,etDHbLKrXynqzXSQzWpdUdJv5Zo=,HDDyt1XeiY5ztpMeBng1OcCkeyE=
-10,-41,etDHbLKrXynqzXSQzWpdUdJv5Zo=,Dku8wi3hoIB1Rw/t2hOJo1i4JR0=
-11,-41,etDHbLKrXynqzXSQzWpdUdJv5Zo=,Dku8wi3hoIB1Rw/t2hOJo1i4JR0=
-8,-46,etDHbLKrXynqzXSQzWpdUdJv5Zo=,HDDyt1XeiY5ztpMeBng1OcCkeyE=
-12,-41,etDHbLKrXynqzXSQzWpdUdJv5Zo=,Dku8wi3hoIB1Rw/t2hOJo1i4JR0=
-16,-41,etDHbLKrXynqzXSQzWpdUdJv5Zo=,Dku8wi3hoIB1Rw/t2hOJo1i4JR0=
-8,-47,etDHbLKrXynqzXSQzWpdUdJv5Zo=,HDDyt1XeiY5ztpMeBng1OcCkeyE=
-15,-41,etDHbLKrXynqzXSQzWpdUdJv5Zo=,Dku8wi3hoIB1Rw/t2hOJo1i4JR0=
-12,-48,etDHbLKrXynqzXSQzWpdUdJv5Zo=,Dku8wi3hoIB1Rw/t2hOJo1i4JR0=
-14,-41,etDHbLKrXynqzXSQzWpdUdJv5Zo=,Dku8wi3hoIB1Rw/t2hOJo1i4JR0=
-15,-42,etDHbLKrXynqzXSQzWpdUdJv5Zo=,Dku8wi3hoIB1Rw/t2hOJo1i4JR0=
-14,-47,etDHbLKrXynqzXSQzWpdUdJv5Zo=,Dku8wi3hoIB1Rw/t2hOJo1i4JR0=
-13,-47,etDHbLKrXynqzXSQzWpdUdJv5Zo=,Dku8wi3hoIB1Rw/t2hOJo1i4JR0=
-15,-47,etDHbLKrXynqzXSQzWpdUdJv5Zo=,Dku8wi3hoIB1Rw/t2hOJo1i4JR0=
-16,-47,etDHbLKrXynqzXSQzWpdUdJv5Zo=,Dku8wi3hoIB1Rw/t2hOJo1i4JR0=
-13,-41,etDHbLKrXynqzXSQzWpdUdJv5Zo=,Dku8wi3hoIB1Rw/t2hOJo1i4JR0=
-9,-42,etDHbLKrXynqzXSQzWpdUdJv5Zo=,Dku8wi3hoIB1Rw/t2hOJo1i4JR0=
-12,-47,etDHbLKrXynqzXSQzWpdUdJv5Zo=,Dku8wi3hoIB1Rw/t2hOJo1i4JR0=
-10,-42,etDHbLKrXynqzXSQzWpdUdJv5Zo=,Dku8wi3hoIB1Rw/t2hOJo1i4JR0=
-9,-48,etDHbLKrXynqzXSQzWpdUdJv5Zo=,Dku8wi3hoIB1Rw/t2hOJo1i4JR0=
-11,-48,etDHbLKrXynqzXSQzWpdUdJv5Zo=,Dku8wi3hoIB1Rw/t2hOJo1i4JR0=
-11,-42,etDHbLKrXynqzXSQzWpdUdJv5Zo=,Dku8wi3hoIB1Rw/t2hOJo1i4JR0=
-12,-42,etDHbLKrXynqzXSQzWpdUdJv5Zo=,Dku8wi3hoIB1Rw/t2hOJo1i4JR0=
-14,-42,etDHbLKrXynqzXSQzWpdUdJv5Zo=,Dku8wi3hoIB1Rw/t2hOJo1i4JR0=
-10,-48,etDHbLKrXynqzXSQzWpdUdJv5Zo=,Dku8wi3hoIB1Rw/t2hOJo1i4JR0=
-13,-42,etDHbLKrXynqzXSQzWpdUdJv5Zo=,Dku8wi3hoIB1Rw/t2hOJo1i4JR0=
-11,-47,etDHbLKrXynqzXSQzWpdUdJv5Zo=,Dku8wi3hoIB1Rw/t2hOJo1i4JR0=
-4,-49,etDHbLKrXynqzXSQzWpdUdJv5Zo=,Qm3A34rhBmNcyjgTpA8Xnbkrtko=
-4,-50,etDHbLKrXynqzXSQzWpdUdJv5Zo=,Qm3A34rhBmNcyjgTpA8Xnbkrtko=
-3,-50,etDHbLKrXynqzXSQzWpdUdJv5Zo=,Qm3A34rhBmNcyjgTpA8Xnbkrtko=
-5,-50,etDHbLKrXynqzXSQzWpdUdJv5Zo=,Qm3A34rhBmNcyjgTpA8Xnbkrtko=
-1,-52,etDHbLKrXynqzXSQzWpdUdJv5Zo=,Qm3A34rhBmNcyjgTpA8Xnbkrtko=
-5,-49,etDHbLKrXynqzXSQzWpdUdJv5Zo=,Qm3A34rhBmNcyjgTpA8Xnbkrtko=
-3,-51,etDHbLKrXynqzXSQzWpdUdJv5Zo=,Qm3A34rhBmNcyjgTpA8Xnbkrtko=
-6,-49,etDHbLKrXynqzXSQzWpdUdJv5Zo=,Qm3A34rhBmNcyjgTpA8Xnbkrtko=
-4,-51,etDHbLKrXynqzXSQzWpdUdJv5Zo=,Qm3A34rhBmNcyjgTpA8Xnbkrtko=
-6,-50,etDHbLKrXynqzXSQzWpdUdJv5Zo=,Qm3A34rhBmNcyjgTpA8Xnbkrtko=
-7,-49,etDHbLKrXynqzXSQzWpdUdJv5Zo=,Qm3A34rhBmNcyjgTpA8Xnbkrtko=
-7,-52,etDHbLKrXynqzXSQzWpdUdJv5Zo=,Qm3A34rhBmNcyjgTpA8Xnbkrtko=
-5,-55,etDHbLKrXynqzXSQzWpdUdJv5Zo=,Qm3A34rhBmNcyjgTpA8Xnbkrtko=
-2,-52,etDHbLKrXynqzXSQzWpdUdJv5Zo=,Qm3A34rhBmNcyjgTpA8Xnbkrtko=
-1,-50,etDHbLKrXynqzXSQzWpdUdJv5Zo=,Qm3A34rhBmNcyjgTpA8Xnbkrtko=
-7,-50,etDHbLKrXynqzXSQzWpdUdJv5Zo=,Qm3A34rhBmNcyjgTpA8Xnbkrtko=
-5,-51,etDHbLKrXynqzXSQzWpdUdJv5Zo=,Qm3A34rhBmNcyjgTpA8Xnbkrtko=
-6,-55,etDHbLKrXynqzXSQzWpdUdJv5Zo=,Qm3A34rhBmNcyjgTpA8Xnbkrtko=
-5,-56,etDHbLKrXynqzXSQzWpdUdJv5Zo=,Qm3A34rhBmNcyjgTpA8Xnbkrtko=
-6,-51,etDHbLKrXynqzXSQzWpdUdJv5Zo=,Qm3A34rhBmNcyjgTpA8Xnbkrtko=
-7,-55,etDHbLKrXynqzXSQzWpdUdJv5Zo=,Qm3A34rhBmNcyjgTpA8Xnbkrtko=
-3,-52,etDHbLKrXynqzXSQzWpdUdJv5Zo=,Qm3A34rhBmNcyjgTpA8Xnbkrtko=
-1,-53,etDHbLKrXynqzXSQzWpdUdJv5Zo=,Qm3A34rhBmNcyjgTpA8Xnbkrtko=
-4,-52,etDHbLKrXynqzXSQzWpdUdJv5Zo=,Qm3A34rhBmNcyjgTpA8Xnbkrtko=
-2,-53,etDHbLKrXynqzXSQzWpdUdJv5Zo=,Qm3A34rhBmNcyjgTpA8Xnbkrtko=
-1,-56,etDHbLKrXynqzXSQzWpdUdJv5Zo=,Qm3A34rhBmNcyjgTpA8Xnbkrtko=
-3,-53,etDHbLKrXynqzXSQzWpdUdJv5Zo=,Qm3A34rhBmNcyjgTpA8Xnbkrtko=
-2,-56,etDHbLKrXynqzXSQzWpdUdJv5Zo=,Qm3A34rhBmNcyjgTpA8Xnbkrtko=
-3,-56,etDHbLKrXynqzXSQzWpdUdJv5Zo=,Qm3A34rhBmNcyjgTpA8Xnbkrtko=
-4,-53,etDHbLKrXynqzXSQzWpdUdJv5Zo=,Qm3A34rhBmNcyjgTpA8Xnbkrtko=
-7,-56,etDHbLKrXynqzXSQzWpdUdJv5Zo=,Qm3A34rhBmNcyjgTpA8Xnbkrtko=
-5,-54,etDHbLKrXynqzXSQzWpdUdJv5Zo=,Qm3A34rhBmNcyjgTpA8Xnbkrtko=
-5,-53,etDHbLKrXynqzXSQzWpdUdJv5Zo=,Qm3A34rhBmNcyjgTpA8Xnbkrtko=
-7,-54,etDHbLKrXynqzXSQzWpdUdJv5Zo=,Qm3A34rhBmNcyjgTpA8Xnbkrtko=
-5,-52,etDHbLKrXynqzXSQzWpdUdJv5Zo=,Qm3A34rhBmNcyjgTpA8Xnbkrtko=
-6,-54,etDHbLKrXynqzXSQzWpdUdJv5Zo=,Qm3A34rhBmNcyjgTpA8Xnbkrtko=
-1,-55,etDHbLKrXynqzXSQzWpdUdJv5Zo=,Qm3A34rhBmNcyjgTpA8Xnbkrtko=
-7,-53,etDHbLKrXynqzXSQzWpdUdJv5Zo=,Qm3A34rhBmNcyjgTpA8Xnbkrtko=
-2,-55,etDHbLKrXynqzXSQzWpdUdJv5Zo=,Qm3A34rhBmNcyjgTpA8Xnbkrtko=
-1,-54,etDHbLKrXynqzXSQzWpdUdJv5Zo=,Qm3A34rhBmNcyjgTpA8Xnbkrtko=
-2,-54,etDHbLKrXynqzXSQzWpdUdJv5Zo=,Qm3A34rhBmNcyjgTpA8Xnbkrtko=
-3,-55,etDHbLKrXynqzXSQzWpdUdJv5Zo=,Qm3A34rhBmNcyjgTpA8Xnbkrtko=
-6,-53,etDHbLKrXynqzXSQzWpdUdJv5Zo=,Qm3A34rhBmNcyjgTpA8Xnbkrtko=
-7,-51,etDHbLKrXynqzXSQzWpdUdJv5Zo=,Qm3A34rhBmNcyjgTpA8Xnbkrtko=
-4,-55,etDHbLKrXynqzXSQzWpdUdJv5Zo=,Qm3A34rhBmNcyjgTpA8Xnbkrtko=
-3,-54,etDHbLKrXynqzXSQzWpdUdJv5Zo=,Qm3A34rhBmNcyjgTpA8Xnbkrtko=
-4,-54,etDHbLKrXynqzXSQzWpdUdJv5Zo=,Qm3A34rhBmNcyjgTpA8Xnbkrtko=
-6,-56,etDHbLKrXynqzXSQzWpdUdJv5Zo=,Qm3A34rhBmNcyjgTpA8Xnbkrtko=
-4,-56,etDHbLKrXynqzXSQzWpdUdJv5Zo=,Qm3A34rhBmNcyjgTpA8Xnbkrtko=
-6,-52,etDHbLKrXynqzXSQzWpdUdJv5Zo=,Qm3A34rhBmNcyjgTpA8Xnbkrtko=
-2,-51,etDHbLKrXynqzXSQzWpdUdJv5Zo=,Qm3A34rhBmNcyjgTpA8Xnbkrtko=
-1,-51,etDHbLKrXynqzXSQzWpdUdJv5Zo=,Qm3A34rhBmNcyjgTpA8Xnbkrtko=
-2,-50,etDHbLKrXynqzXSQzWpdUdJv5Zo=,Qm3A34rhBmNcyjgTpA8Xnbkrtko=
-1,-49,etDHbLKrXynqzXSQzWpdUdJv5Zo=,Qm3A34rhBmNcyjgTpA8Xnbkrtko=
-2,-49,etDHbLKrXynqzXSQzWpdUdJv5Zo=,Qm3A34rhBmNcyjgTpA8Xnbkrtko=
-3,-49,etDHbLKrXynqzXSQzWpdUdJv5Zo=,Qm3A34rhBmNcyjgTpA8Xnbkrtko=
-15,-49,etDHbLKrXynqzXSQzWpdUdJv5Zo=,oXywEiaItapwdaJw8vHbDKvwS6I=
-16,-49,etDHbLKrXynqzXSQzWpdUdJv5Zo=,oXywEiaItapwdaJw8vHbDKvwS6I=
-8,-49,etDHbLKrXynqzXSQzWpdUdJv5Zo=,Qm3A34rhBmNcyjgTpA8Xnbkrtko=
-14,-49,etDHbLKrXynqzXSQzWpdUdJv5Zo=,oXywEiaItapwdaJw8vHbDKvwS6I=
-9,-50,etDHbLKrXynqzXSQzWpdUdJv5Zo=,oXywEiaItapwdaJw8vHbDKvwS6I=
-10,-50,etDHbLKrXynqzXSQzWpdUdJv5Zo=,oXywEiaItapwdaJw8vHbDKvwS6I=
-13,-49,etDHbLKrXynqzXSQzWpdUdJv5Zo=,oXywEiaItapwdaJw8vHbDKvwS6I=
-14,-50,etDHbLKrXynqzXSQzWpdUdJv5Zo=,oXywEiaItapwdaJw8vHbDKvwS6I=
-15,-50,etDHbLKrXynqzXSQzWpdUdJv5Zo=,oXywEiaItapwdaJw8vHbDKvwS6I=
-16,-50,etDHbLKrXynqzXSQzWpdUdJv5Zo=,oXywEiaItapwdaJw8vHbDKvwS6I=
-9,-51,etDHbLKrXynqzXSQzWpdUdJv5Zo=,oXywEiaItapwdaJw8vHbDKvwS6I=
-10,-51,etDHbLKrXynqzXSQzWpdUdJv5Zo=,oXywEiaItapwdaJw8vHbDKvwS6I=
-13,-50,etDHbLKrXynqzXSQzWpdUdJv5Zo=,oXywEiaItapwdaJw8vHbDKvwS6I=
-12,-50,etDHbLKrXynqzXSQzWpdUdJv5Zo=,oXywEiaItapwdaJw8vHbDKvwS6I=
-13,-51,etDHbLKrXynqzXSQzWpdUdJv5Zo=,oXywEiaItapwdaJw8vHbDKvwS6I=
-14,-51,etDHbLKrXynqzXSQzWpdUdJv5Zo=,oXywEiaItapwdaJw8vHbDKvwS6I=
-12,-51,etDHbLKrXynqzXSQzWpdUdJv5Zo=,oXywEiaItapwdaJw8vHbDKvwS6I=
-15,-51,etDHbLKrXynqzXSQzWpdUdJv5Zo=,oXywEiaItapwdaJw8vHbDKvwS6I=
-16,-51,etDHbLKrXynqzXSQzWpdUdJv5Zo=,oXywEiaItapwdaJw8vHbDKvwS6I=
-9,-52,etDHbLKrXynqzXSQzWpdUdJv5Zo=,oXywEiaItapwdaJw8vHbDKvwS6I=
-10,-52,etDHbLKrXynqzXSQzWpdUdJv5Zo=,oXywEiaItapwdaJw8vHbDKvwS6I=
-11,-52,etDHbLKrXynqzXSQzWpdUdJv5Zo=,oXywEiaItapwdaJw8vHbDKvwS6I=
-12,-52,etDHbLKrXynqzXSQzWpdUdJv5Zo=,oXywEiaItapwdaJw8vHbDKvwS6I=
-8,-52,etDHbLKrXynqzXSQzWpdUdJv5Zo=,Qm3A34rhBmNcyjgTpA8Xnbkrtko=
-13,-52,etDHbLKrXynqzXSQzWpdUdJv5Zo=,oXywEiaItapwdaJw8vHbDKvwS6I=
-14,-52,etDHbLKrXynqzXSQzWpdUdJv5Zo=,oXywEiaItapwdaJw8vHbDKvwS6I=
-11,-50,etDHbLKrXynqzXSQzWpdUdJv5Zo=,oXywEiaItapwdaJw8vHbDKvwS6I=
-15,-52,etDHbLKrXynqzXSQzWpdUdJv5Zo=,oXywEiaItapwdaJw8vHbDKvwS6I=
-16,-52,etDHbLKrXynqzXSQzWpdUdJv5Zo=,oXywEiaItapwdaJw8vHbDKvwS6I=
-9,-53,etDHbLKrXynqzXSQzWpdUdJv5Zo=,oXywEiaItapwdaJw8vHbDKvwS6I=
-10,-53,etDHbLKrXynqzXSQzWpdUdJv5Zo=,oXywEiaItapwdaJw8vHbDKvwS6I=
-8,-55,etDHbLKrXynqzXSQzWpdUdJv5Zo=,Qm3A34rhBmNcyjgTpA8Xnbkrtko=
-11,-53,etDHbLKrXynqzXSQzWpdUdJv5Zo=,oXywEiaItapwdaJw8vHbDKvwS6I=
-12,-53,etDHbLKrXynqzXSQzWpdUdJv5Zo=,oXywEiaItapwdaJw8vHbDKvwS6I=
-13,-53,etDHbLKrXynqzXSQzWpdUdJv5Zo=,oXywEiaItapwdaJw8vHbDKvwS6I=
-14,-53,etDHbLKrXynqzXSQzWpdUdJv5Zo=,oXywEiaItapwdaJw8vHbDKvwS6I=
-15,-53,etDHbLKrXynqzXSQzWpdUdJv5Zo=,oXywEiaItapwdaJw8vHbDKvwS6I=
-16,-53,etDHbLKrXynqzXSQzWpdUdJv5Zo=,oXywEiaItapwdaJw8vHbDKvwS6I=
-9,-54,etDHbLKrXynqzXSQzWpdUdJv5Zo=,oXywEiaItapwdaJw8vHbDKvwS6I=
-10,-54,etDHbLKrXynqzXSQzWpdUdJv5Zo=,oXywEiaItapwdaJw8vHbDKvwS6I=
-11,-54,etDHbLKrXynqzXSQzWpdUdJv5Zo=,oXywEiaItapwdaJw8vHbDKvwS6I=
-12,-54,etDHbLKrXynqzXSQzWpdUdJv5Zo=,oXywEiaItapwdaJw8vHbDKvwS6I=
-13,-54,etDHbLKrXynqzXSQzWpdUdJv5Zo=,oXywEiaItapwdaJw8vHbDKvwS6I=
-14,-54,etDHbLKrXynqzXSQzWpdUdJv5Zo=,oXywEiaItapwdaJw8vHbDKvwS6I=
-16,-54,etDHbLKrXynqzXSQzWpdUdJv5Zo=,oXywEiaItapwdaJw8vHbDKvwS6I=
-15,-54,etDHbLKrXynqzXSQzWpdUdJv5Zo=,oXywEiaItapwdaJw8vHbDKvwS6I=
-9,-55,etDHbLKrXynqzXSQzWpdUdJv5Zo=,oXywEiaItapwdaJw8vHbDKvwS6I=
-10,-55,etDHbLKrXynqzXSQzWpdUdJv5Zo=,oXywEiaItapwdaJw8vHbDKvwS6I=
-11,-55,etDHbLKrXynqzXSQzWpdUdJv5Zo=,oXywEiaItapwdaJw8vHbDKvwS6I=
-12,-55,etDHbLKrXynqzXSQzWpdUdJv5Zo=,oXywEiaItapwdaJw8vHbDKvwS6I=
-13,-55,etDHbLKrXynqzXSQzWpdUdJv5Zo=,oXywEiaItapwdaJw8vHbDKvwS6I=
-14,-55,etDHbLKrXynqzXSQzWpdUdJv5Zo=,oXywEiaItapwdaJw8vHbDKvwS6I=
-15,-55,etDHbLKrXynqzXSQzWpdUdJv5Zo=,oXywEiaItapwdaJw8vHbDKvwS6I=
-16,-55,etDHbLKrXynqzXSQzWpdUdJv5Zo=,oXywEiaItapwdaJw8vHbDKvwS6I=
-9,-56,etDHbLKrXynqzXSQzWpdUdJv5Zo=,oXywEiaItapwdaJw8vHbDKvwS6I=
-10,-56,etDHbLKrXynqzXSQzWpdUdJv5Zo=,oXywEiaItapwdaJw8vHbDKvwS6I=
-8,-54,etDHbLKrXynqzXSQzWpdUdJv5Zo=,Qm3A34rhBmNcyjgTpA8Xnbkrtko=
-8,-53,etDHbLKrXynqzXSQzWpdUdJv5Zo=,Qm3A34rhBmNcyjgTpA8Xnbkrtko=
-12,-56,etDHbLKrXynqzXSQzWpdUdJv5Zo=,oXywEiaItapwdaJw8vHbDKvwS6I=
-13,-56,etDHbLKrXynqzXSQzWpdUdJv5Zo=,oXywEiaItapwdaJw8vHbDKvwS6I=
-14,-56,etDHbLKrXynqzXSQzWpdUdJv5Zo=,oXywEiaItapwdaJw8vHbDKvwS6I=
-11,-56,etDHbLKrXynqzXSQzWpdUdJv5Zo=,oXywEiaItapwdaJw8vHbDKvwS6I=
-15,-56,etDHbLKrXynqzXSQzWpdUdJv5Zo=,oXywEiaItapwdaJw8vHbDKvwS6I=
-8,-56,etDHbLKrXynqzXSQzWpdUdJv5Zo=,Qm3A34rhBmNcyjgTpA8Xnbkrtko=
-8,-51,etDHbLKrXynqzXSQzWpdUdJv5Zo=,Qm3A34rhBmNcyjgTpA8Xnbkrtko=
-8,-50,etDHbLKrXynqzXSQzWpdUdJv5Zo=,Qm3A34rhBmNcyjgTpA8Xnbkrtko=
-16,-56,etDHbLKrXynqzXSQzWpdUdJv5Zo=,oXywEiaItapwdaJw8vHbDKvwS6I=
-11,-51,etDHbLKrXynqzXSQzWpdUdJv5Zo=,oXywEiaItapwdaJw8vHbDKvwS6I=
-12,-49,etDHbLKrXynqzXSQzWpdUdJv5Zo=,oXywEiaItapwdaJw8vHbDKvwS6I=
-9,-49,etDHbLKrXynqzXSQzWpdUdJv5Zo=,oXywEiaItapwdaJw8vHbDKvwS6I=
-10,-49,etDHbLKrXynqzXSQzWpdUdJv5Zo=,oXywEiaItapwdaJw8vHbDKvwS6I=
-11,-49,etDHbLKrXynqzXSQzWpdUdJv5Zo=,oXywEiaItapwdaJw8vHbDKvwS6I=
-22,-39,cuQjRs0NQjr3bUK491zW/ratkaE=,DsIAnWqnQs6tIa5GpzplO8tJopA=
-20,-40,cuQjRs0NQjr3bUK491zW/ratkaE=,DsIAnWqnQs6tIa5GpzplO8tJopA=
-21,-39,cuQjRs0NQjr3bUK491zW/ratkaE=,DsIAnWqnQs6tIa5GpzplO8tJopA=
-19,-34,cuQjRs0NQjr3bUK491zW/ratkaE=,DsIAnWqnQs6tIa5GpzplO8tJopA=
-21,-36,cuQjRs0NQjr3bUK491zW/ratkaE=,DsIAnWqnQs6tIa5GpzplO8tJopA=
-19,-40,cuQjRs0NQjr3bUK491zW/ratkaE=,DsIAnWqnQs6tIa5GpzplO8tJopA=
-23,-39,cuQjRs0NQjr3bUK491zW/ratkaE=,DsIAnWqnQs6tIa5GpzplO8tJopA=
-20,-37,cuQjRs0NQjr3bUK491zW/ratkaE=,DsIAnWqnQs6tIa5GpzplO8tJopA=
-21,-33,cuQjRs0NQjr3bUK491zW/ratkaE=,DsIAnWqnQs6tIa5GpzplO8tJopA=
-22,-36,cuQjRs0NQjr3bUK491zW/ratkaE=,DsIAnWqnQs6tIa5GpzplO8tJopA=
-20,-33,cuQjRs0NQjr3bUK491zW/ratkaE=,DsIAnWqnQs6tIa5GpzplO8tJopA=
-21,-37,cuQjRs0NQjr3bUK491zW/ratkaE=,DsIAnWqnQs6tIa5GpzplO8tJopA=
-19,-33,cuQjRs0NQjr3bUK491zW/ratkaE=,DsIAnWqnQs6tIa5GpzplO8tJopA=
-24,-39,cuQjRs0NQjr3bUK491zW/ratkaE=,DsIAnWqnQs6tIa5GpzplO8tJopA=
-20,-34,cuQjRs0NQjr3bUK491zW/ratkaE=,DsIAnWqnQs6tIa5GpzplO8tJopA=
-22,-33,cuQjRs0NQjr3bUK491zW/ratkaE=,DsIAnWqnQs6tIa5GpzplO8tJopA=
-23,-36,cuQjRs0NQjr3bUK491zW/ratkaE=,DsIAnWqnQs6tIa5GpzplO8tJopA=
-23,-33,cuQjRs0NQjr3bUK491zW/ratkaE=,DsIAnWqnQs6tIa5GpzplO8tJopA=
-18,-35,cuQjRs0NQjr3bUK491zW/ratkaE=,DsIAnWqnQs6tIa5GpzplO8tJopA=
-22,-37,cuQjRs0NQjr3bUK491zW/ratkaE=,DsIAnWqnQs6tIa5GpzplO8tJopA=
-24,-33,cuQjRs0NQjr3bUK491zW/ratkaE=,DsIAnWqnQs6tIa5GpzplO8tJopA=
-21,-34,cuQjRs0NQjr3bUK491zW/ratkaE=,DsIAnWqnQs6tIa5GpzplO8tJopA=
-23,-40,cuQjRs0NQjr3bUK491zW/ratkaE=,DsIAnWqnQs6tIa5GpzplO8tJopA=
-23,-37,cuQjRs0NQjr3bUK491zW/ratkaE=,DsIAnWqnQs6tIa5GpzplO8tJopA=
-24,-37,cuQjRs0NQjr3bUK491zW/ratkaE=,DsIAnWqnQs6tIa5GpzplO8tJopA=
-19,-35,cuQjRs0NQjr3bUK491zW/ratkaE=,DsIAnWqnQs6tIa5GpzplO8tJopA=
-18,-33,cuQjRs0NQjr3bUK491zW/ratkaE=,DsIAnWqnQs6tIa5GpzplO8tJopA=
-18,-40,cuQjRs0NQjr3bUK491zW/ratkaE=,DsIAnWqnQs6tIa5GpzplO8tJopA=
-17,-40,cuQjRs0NQjr3bUK491zW/ratkaE=,DsIAnWqnQs6tIa5GpzplO8tJopA=
-17,-38,cuQjRs0NQjr3bUK491zW/ratkaE=,DsIAnWqnQs6tIa5GpzplO8tJopA=
-22,-34,cuQjRs0NQjr3bUK491zW/ratkaE=,DsIAnWqnQs6tIa5GpzplO8tJopA=
-24,-36,cuQjRs0NQjr3bUK491zW/ratkaE=,DsIAnWqnQs6tIa5GpzplO8tJopA=
-20,-35,cuQjRs0NQjr3bUK491zW/ratkaE=,DsIAnWqnQs6tIa5GpzplO8tJopA=
-18,-38,cuQjRs0NQjr3bUK491zW/ratkaE=,DsIAnWqnQs6tIa5GpzplO8tJopA=
-21,-35,cuQjRs0NQjr3bUK491zW/ratkaE=,DsIAnWqnQs6tIa5GpzplO8tJopA=
-19,-38,cuQjRs0NQjr3bUK491zW/ratkaE=,DsIAnWqnQs6tIa5GpzplO8tJopA=
-21,-38,cuQjRs0NQjr3bUK491zW/ratkaE=,DsIAnWqnQs6tIa5GpzplO8tJopA=
-23,-34,cuQjRs0NQjr3bUK491zW/ratkaE=,DsIAnWqnQs6tIa5GpzplO8tJopA=
-17,-34,cuQjRs0NQjr3bUK491zW/ratkaE=,DsIAnWqnQs6tIa5GpzplO8tJopA=
-22,-35,cuQjRs0NQjr3bUK491zW/ratkaE=,DsIAnWqnQs6tIa5GpzplO8tJopA=
-18,-34,cuQjRs0NQjr3bUK491zW/ratkaE=,DsIAnWqnQs6tIa5GpzplO8tJopA=
-22,-38,cuQjRs0NQjr3bUK491zW/ratkaE=,DsIAnWqnQs6tIa5GpzplO8tJopA=
-23,-38,cuQjRs0NQjr3bUK491zW/ratkaE=,DsIAnWqnQs6tIa5GpzplO8tJopA=
-24,-40,cuQjRs0NQjr3bUK491zW/ratkaE=,DsIAnWqnQs6tIa5GpzplO8tJopA=
-23,-35,cuQjRs0NQjr3bUK491zW/ratkaE=,DsIAnWqnQs6tIa5GpzplO8tJopA=
-24,-35,cuQjRs0NQjr3bUK491zW/ratkaE=,DsIAnWqnQs6tIa5GpzplO8tJopA=
-18,-36,cuQjRs0NQjr3bUK491zW/ratkaE=,DsIAnWqnQs6tIa5GpzplO8tJopA=
-19,-36,cuQjRs0NQjr3bUK491zW/ratkaE=,DsIAnWqnQs6tIa5GpzplO8tJopA=
-20,-36,cuQjRs0NQjr3bUK491zW/ratkaE=,DsIAnWqnQs6tIa5GpzplO8tJopA=
-20,-38,cuQjRs0NQjr3bUK491zW/ratkaE=,DsIAnWqnQs6tIa5GpzplO8tJopA=
-24,-38,cuQjRs0NQjr3bUK491zW/ratkaE=,DsIAnWqnQs6tIa5GpzplO8tJopA=
-17,-39,cuQjRs0NQjr3bUK491zW/ratkaE=,DsIAnWqnQs6tIa5GpzplO8tJopA=
-19,-39,cuQjRs0NQjr3bUK491zW/ratkaE=,DsIAnWqnQs6tIa5GpzplO8tJopA=
-18,-39,cuQjRs0NQjr3bUK491zW/ratkaE=,DsIAnWqnQs6tIa5GpzplO8tJopA=
-21,-40,cuQjRs0NQjr3bUK491zW/ratkaE=,DsIAnWqnQs6tIa5GpzplO8tJopA=
-18,-37,cuQjRs0NQjr3bUK491zW/ratkaE=,DsIAnWqnQs6tIa5GpzplO8tJopA=
-20,-39,cuQjRs0NQjr3bUK491zW/ratkaE=,DsIAnWqnQs6tIa5GpzplO8tJopA=
-24,-34,cuQjRs0NQjr3bUK491zW/ratkaE=,DsIAnWqnQs6tIa5GpzplO8tJopA=
-22,-40,cuQjRs0NQjr3bUK491zW/ratkaE=,DsIAnWqnQs6tIa5GpzplO8tJopA=
-19,-37,cuQjRs0NQjr3bUK491zW/ratkaE=,DsIAnWqnQs6tIa5GpzplO8tJopA=
-17,-37,cuQjRs0NQjr3bUK491zW/ratkaE=,DsIAnWqnQs6tIa5GpzplO8tJopA=
-17,-35,cuQjRs0NQjr3bUK491zW/ratkaE=,DsIAnWqnQs6tIa5GpzplO8tJopA=
-17,-33,cuQjRs0NQjr3bUK491zW/ratkaE=,DsIAnWqnQs6tIa5GpzplO8tJopA=
-17,-36,cuQjRs0NQjr3bUK491zW/ratkaE=,DsIAnWqnQs6tIa5GpzplO8tJopA=
