-61,34,K/talOapb4DSkACKdLkJ6IibpNw=,MNP3xls4XVFQYKSaxaIUUHusfec=
-62,33,K/talOapb4DSkACKdLkJ6IibpNw=,MNP3xls4XVFQYKSaxaIUUHusfec=
-63,37,K/talOapb4DSkACKdLkJ6IibpNw=,MNP3xls4XVFQYKSaxaIUUHusfec=
-62,37,K/talOapb4DSkACKdLkJ6IibpNw=,MNP3xls4XVFQYKSaxaIUUHusfec=
-63,36,K/talOapb4DSkACKdLkJ6IibpNw=,MNP3xls4XVFQYKSaxaIUUHusfec=
-62,36,K/talOapb4DSkACKdLkJ6IibpNw=,MNP3xls4XVFQYKSaxaIUUHusfec=
-61,36,K/talOapb4DSkACKdLkJ6IibpNw=,MNP3xls4XVFQYKSaxaIUUHusfec=
-61,37,K/talOapb4DSkACKdLkJ6IibpNw=,MNP3xls4XVFQYKSaxaIUUHusfec=
-58,38,K/talOapb4DSkACKdLkJ6IibpNw=,MNP3xls4XVFQYKSaxaIUUHusfec=
-60,36,K/talOapb4DSkACKdLkJ6IibpNw=,MNP3xls4XVFQYKSaxaIUUHusfec=
-59,36,K/talOapb4DSkACKdLkJ6IibpNw=,MNP3xls4XVFQYKSaxaIUUHusfec=
-63,35,K/talOapb4DSkACKdLkJ6IibpNw=,MNP3xls4XVFQYKSaxaIUUHusfec=
-61,33,K/talOapb4DSkACKdLkJ6IibpNw=,MNP3xls4XVFQYKSaxaIUUHusfec=
-60,37,K/talOapb4DSkACKdLkJ6IibpNw=,MNP3xls4XVFQYKSaxaIUUHusfec=
-60,33,K/talOapb4DSkACKdLkJ6IibpNw=,MNP3xls4XVFQYKSaxaIUUHusfec=
-59,37,K/talOapb4DSkACKdLkJ6IibpNw=,MNP3xls4XVFQYKSaxaIUUHusfec=
-62,35,K/talOapb4DSkACKdLkJ6IibpNw=,MNP3xls4XVFQYKSaxaIUUHusfec=
-60,34,K/talOapb4DSkACKdLkJ6IibpNw=,MNP3xls4XVFQYKSaxaIUUHusfec=
-59,33,K/talOapb4DSkACKdLkJ6IibpNw=,MNP3xls4XVFQYKSaxaIUUHusfec=
-58,37,K/talOapb4DSkACKdLkJ6IibpNw=,MNP3xls4XVFQYKSaxaIUUHusfec=
-58,33,K/talOapb4DSkACKdLkJ6IibpNw=,MNP3xls4XVFQYKSaxaIUUHusfec=
-61,35,K/talOapb4DSkACKdLkJ6IibpNw=,MNP3xls4XVFQYKSaxaIUUHusfec=
-63,38,K/talOapb4DSkACKdLkJ6IibpNw=,MNP3xls4XVFQYKSaxaIUUHusfec=
-60,35,K/talOapb4DSkACKdLkJ6IibpNw=,MNP3xls4XVFQYKSaxaIUUHusfec=
-59,34,K/talOapb4DSkACKdLkJ6IibpNw=,MNP3xls4XVFQYKSaxaIUUHusfec=
-58,34,K/talOapb4DSkACKdLkJ6IibpNw=,MNP3xls4XVFQYKSaxaIUUHusfec=
-59,35,K/talOapb4DSkACKdLkJ6IibpNw=,MNP3xls4XVFQYKSaxaIUUHusfec=
-63,34,K/talOapb4DSkACKdLkJ6IibpNw=,MNP3xls4XVFQYKSaxaIUUHusfec=
-62,38,K/talOapb4DSkACKdLkJ6IibpNw=,MNP3xls4XVFQYKSaxaIUUHusfec=
-61,38,K/talOapb4DSkACKdLkJ6IibpNw=,MNP3xls4XVFQYKSaxaIUUHusfec=
-60,38,K/talOapb4DSkACKdLkJ6IibpNw=,MNP3xls4XVFQYKSaxaIUUHusfec=
-62,34,K/talOapb4DSkACKdLkJ6IibpNw=,MNP3xls4XVFQYKSaxaIUUHusfec=
-58,35,K/talOapb4DSkACKdLkJ6IibpNw=,MNP3xls4XVFQYKSaxaIUUHusfec=
-58,36,K/talOapb4DSkACKdLkJ6IibpNw=,MNP3xls4XVFQYKSaxaIUUHusfec=
-59,38,K/talOapb4DSkACKdLkJ6IibpNw=,MNP3xls4XVFQYKSaxaIUUHusfec=
-63,33,K/talOapb4DSkACKdLkJ6IibpNw=,MNP3xls4XVFQYKSaxaIUUHusfec=
-64,36,K/talOapb4DSkACKdLkJ6IibpNw=,MNP3xls4XVFQYKSaxaIUUHusfec=
-64,37,K/talOapb4DSkACKdLkJ6IibpNw=,MNP3xls4XVFQYKSaxaIUUHusfec=
-64,38,K/talOapb4DSkACKdLkJ6IibpNw=,MNP3xls4XVFQYKSaxaIUUHusfec=
-64,34,K/talOapb4DSkACKdLkJ6IibpNw=,MNP3xls4XVFQYKSaxaIUUHusfec=
-64,33,K/talOapb4DSkACKdLkJ6IibpNw=,MNP3xls4XVFQYKSaxaIUUHusfec=
-64,35,K/talOapb4DSkACKdLkJ6IibpNw=,MNP3xls4XVFQYKSaxaIUUHusfec=
-59,32,K/talOapb4DSkACKdLkJ6IibpNw=,MNP3xls4XVFQYKSaxaIUUHusfec=
-58,32,K/talOapb4DSkACKdLkJ6IibpNw=,MNP3xls4XVFQYKSaxaIUUHusfec=
-62,32,K/talOapb4DSkACKdLkJ6IibpNw=,MNP3xls4XVFQYKSaxaIUUHusfec=
-61,32,K/talOapb4DSkACKdLkJ6IibpNw=,MNP3xls4XVFQYKSaxaIUUHusfec=
-60,32,K/talOapb4DSkACKdLkJ6IibpNw=,MNP3xls4XVFQYKSaxaIUUHusfec=
-63,32,K/talOapb4DSkACKdLkJ6IibpNw=,MNP3xls4XVFQYKSaxaIUUHusfec=
-64,32,K/talOapb4DSkACKdLkJ6IibpNw=,MNP3xls4XVFQYKSaxaIUUHusfec=
-52,35,K/talOapb4DSkACKdLkJ6IibpNw=,HPRtuMSHyRXFaGwDoYFTau/JEmU=
-53,35,K/talOapb4DSkACKdLkJ6IibpNw=,HPRtuMSHyRXFaGwDoYFTau/JEmU=
-54,35,K/talOapb4DSkACKdLkJ6IibpNw=,HPRtuMSHyRXFaGwDoYFTau/JEmU=
-55,35,K/talOapb4DSkACKdLkJ6IibpNw=,HPRtuMSHyRXFaGwDoYFTau/JEmU=
-56,35,K/talOapb4DSkACKdLkJ6IibpNw=,HPRtuMSHyRXFaGwDoYFTau/JEmU=
-49,34,K/talOapb4DSkACKdLkJ6IibpNw=,HPRtuMSHyRXFaGwDoYFTau/JEmU=
-50,34,K/talOapb4DSkACKdLkJ6IibpNw=,HPRtuMSHyRXFaGwDoYFTau/JEmU=
-51,34,K/talOapb4DSkACKdLkJ6IibpNw=,HPRtuMSHyRXFaGwDoYFTau/JEmU=
-52,34,K/talOapb4DSkACKdLkJ6IibpNw=,HPRtuMSHyRXFaGwDoYFTau/JEmU=
-53,34,K/talOapb4DSkACKdLkJ6IibpNw=,HPRtuMSHyRXFaGwDoYFTau/JEmU=
-54,34,K/talOapb4DSkACKdLkJ6IibpNw=,HPRtuMSHyRXFaGwDoYFTau/JEmU=
-55,34,K/talOapb4DSkACKdLkJ6IibpNw=,HPRtuMSHyRXFaGwDoYFTau/JEmU=
-56,34,K/talOapb4DSkACKdLkJ6IibpNw=,HPRtuMSHyRXFaGwDoYFTau/JEmU=
-49,33,K/talOapb4DSkACKdLkJ6IibpNw=,HPRtuMSHyRXFaGwDoYFTau/JEmU=
-50,33,K/talOapb4DSkACKdLkJ6IibpNw=,HPRtuMSHyRXFaGwDoYFTau/JEmU=
-51,33,K/talOapb4DSkACKdLkJ6IibpNw=,HPRtuMSHyRXFaGwDoYFTau/JEmU=
-52,33,K/talOapb4DSkACKdLkJ6IibpNw=,HPRtuMSHyRXFaGwDoYFTau/JEmU=
-53,33,K/talOapb4DSkACKdLkJ6IibpNw=,HPRtuMSHyRXFaGwDoYFTau/JEmU=
-54,33,K/talOapb4DSkACKdLkJ6IibpNw=,HPRtuMSHyRXFaGwDoYFTau/JEmU=
-55,33,K/talOapb4DSkACKdLkJ6IibpNw=,HPRtuMSHyRXFaGwDoYFTau/JEmU=
-56,33,K/talOapb4DSkACKdLkJ6IibpNw=,HPRtuMSHyRXFaGwDoYFTau/JEmU=
-49,32,K/talOapb4DSkACKdLkJ6IibpNw=,HPRtuMSHyRXFaGwDoYFTau/JEmU=
-50,32,K/talOapb4DSkACKdLkJ6IibpNw=,HPRtuMSHyRXFaGwDoYFTau/JEmU=
-51,32,K/talOapb4DSkACKdLkJ6IibpNw=,HPRtuMSHyRXFaGwDoYFTau/JEmU=
-52,32,K/talOapb4DSkACKdLkJ6IibpNw=,HPRtuMSHyRXFaGwDoYFTau/JEmU=
-57,34,K/talOapb4DSkACKdLkJ6IibpNw=,MNP3xls4XVFQYKSaxaIUUHusfec=
-50,38,K/talOapb4DSkACKdLkJ6IibpNw=,HPRtuMSHyRXFaGwDoYFTau/JEmU=
-49,38,K/talOapb4DSkACKdLkJ6IibpNw=,HPRtuMSHyRXFaGwDoYFTau/JEmU=
-53,32,K/talOapb4DSkACKdLkJ6IibpNw=,HPRtuMSHyRXFaGwDoYFTau/JEmU=
-51,38,K/talOapb4DSkACKdLkJ6IibpNw=,HPRtuMSHyRXFaGwDoYFTau/JEmU=
-52,38,K/talOapb4DSkACKdLkJ6IibpNw=,HPRtuMSHyRXFaGwDoYFTau/JEmU=
-54,38,K/talOapb4DSkACKdLkJ6IibpNw=,HPRtuMSHyRXFaGwDoYFTau/JEmU=
-53,38,K/talOapb4DSkACKdLkJ6IibpNw=,HPRtuMSHyRXFaGwDoYFTau/JEmU=
-55,38,K/talOapb4DSkACKdLkJ6IibpNw=,HPRtuMSHyRXFaGwDoYFTau/JEmU=
-54,32,K/talOapb4DSkACKdLkJ6IibpNw=,HPRtuMSHyRXFaGwDoYFTau/JEmU=
-56,38,K/talOapb4DSkACKdLkJ6IibpNw=,HPRtuMSHyRXFaGwDoYFTau/JEmU=
-55,32,K/talOapb4DSkACKdLkJ6IibpNw=,HPRtuMSHyRXFaGwDoYFTau/JEmU=
-49,37,K/talOapb4DSkACKdLkJ6IibpNw=,HPRtuMSHyRXFaGwDoYFTau/JEmU=
-50,37,K/talOapb4DSkACKdLkJ6IibpNw=,HPRtuMSHyRXFaGwDoYFTau/JEmU=
-51,37,K/talOapb4DSkACKdLkJ6IibpNw=,HPRtuMSHyRXFaGwDoYFTau/JEmU=
-56,32,K/talOapb4DSkACKdLkJ6IibpNw=,HPRtuMSHyRXFaGwDoYFTau/JEmU=
-52,37,K/talOapb4DSkACKdLkJ6IibpNw=,HPRtuMSHyRXFaGwDoYFTau/JEmU=
-53,37,K/talOapb4DSkACKdLkJ6IibpNw=,HPRtuMSHyRXFaGwDoYFTau/JEmU=
-54,37,K/talOapb4DSkACKdLkJ6IibpNw=,HPRtuMSHyRXFaGwDoYFTau/JEmU=
-55,37,K/talOapb4DSkACKdLkJ6IibpNw=,HPRtuMSHyRXFaGwDoYFTau/JEmU=
-56,37,K/talOapb4DSkACKdLkJ6IibpNw=,HPRtuMSHyRXFaGwDoYFTau/JEmU=
-49,36,K/talOapb4DSkACKdLkJ6IibpNw=,HPRtuMSHyRXFaGwDoYFTau/JEmU=
-50,36,K/talOapb4DSkACKdLkJ6IibpNw=,HPRtuMSHyRXFaGwDoYFTau/JEmU=
-51,36,K/talOapb4DSkACKdLkJ6IibpNw=,HPRtuMSHyRXFaGwDoYFTau/JEmU=
-57,33,K/talOapb4DSkACKdLkJ6IibpNw=,MNP3xls4XVFQYKSaxaIUUHusfec=
-57,37,K/talOapb4DSkACKdLkJ6IibpNw=,MNP3xls4XVFQYKSaxaIUUHusfec=
-52,36,K/talOapb4DSkACKdLkJ6IibpNw=,HPRtuMSHyRXFaGwDoYFTau/JEmU=
-53,36,K/talOapb4DSkACKdLkJ6IibpNw=,HPRtuMSHyRXFaGwDoYFTau/JEmU=
-54,36,K/talOapb4DSkACKdLkJ6IibpNw=,HPRtuMSHyRXFaGwDoYFTau/JEmU=
-55,36,K/talOapb4DSkACKdLkJ6IibpNw=,HPRtuMSHyRXFaGwDoYFTau/JEmU=
-56,36,K/talOapb4DSkACKdLkJ6IibpNw=,HPRtuMSHyRXFaGwDoYFTau/JEmU=
-49,35,K/talOapb4DSkACKdLkJ6IibpNw=,HPRtuMSHyRXFaGwDoYFTau/JEmU=
-57,38,K/talOapb4DSkACKdLkJ6IibpNw=,MNP3xls4XVFQYKSaxaIUUHusfec=
-57,36,K/talOapb4DSkACKdLkJ6IibpNw=,MNP3xls4XVFQYKSaxaIUUHusfec=
-57,35,K/talOapb4DSkACKdLkJ6IibpNw=,MNP3xls4XVFQYKSaxaIUUHusfec=
-50,35,K/talOapb4DSkACKdLkJ6IibpNw=,HPRtuMSHyRXFaGwDoYFTau/JEmU=
-57,32,K/talOapb4DSkACKdLkJ6IibpNw=,MNP3xls4XVFQYKSaxaIUUHusfec=
-51,35,K/talOapb4DSkACKdLkJ6IibpNw=,HPRtuMSHyRXFaGwDoYFTau/JEmU=
-49,42,K/talOapb4DSkACKdLkJ6IibpNw=,li7wnFqRbSP3+KHTTROUDUznGd0=
-50,42,K/talOapb4DSkACKdLkJ6IibpNw=,li7wnFqRbSP3+KHTTROUDUznGd0=
-55,43,K/talOapb4DSkACKdLkJ6IibpNw=,li7wnFqRbSP3+KHTTROUDUznGd0=
-54,43,K/talOapb4DSkACKdLkJ6IibpNw=,li7wnFqRbSP3+KHTTROUDUznGd0=
-53,43,K/talOapb4DSkACKdLkJ6IibpNw=,li7wnFqRbSP3+KHTTROUDUznGd0=
-52,43,K/talOapb4DSkACKdLkJ6IibpNw=,li7wnFqRbSP3+KHTTROUDUznGd0=
-51,43,K/talOapb4DSkACKdLkJ6IibpNw=,li7wnFqRbSP3+KHTTROUDUznGd0=
-50,43,K/talOapb4DSkACKdLkJ6IibpNw=,li7wnFqRbSP3+KHTTROUDUznGd0=
-49,43,K/talOapb4DSkACKdLkJ6IibpNw=,li7wnFqRbSP3+KHTTROUDUznGd0=
-54,44,K/talOapb4DSkACKdLkJ6IibpNw=,li7wnFqRbSP3+KHTTROUDUznGd0=
-53,44,K/talOapb4DSkACKdLkJ6IibpNw=,li7wnFqRbSP3+KHTTROUDUznGd0=
-52,44,K/talOapb4DSkACKdLkJ6IibpNw=,li7wnFqRbSP3+KHTTROUDUznGd0=
-55,44,K/talOapb4DSkACKdLkJ6IibpNw=,li7wnFqRbSP3+KHTTROUDUznGd0=
-50,44,K/talOapb4DSkACKdLkJ6IibpNw=,li7wnFqRbSP3+KHTTROUDUznGd0=
-51,44,K/talOapb4DSkACKdLkJ6IibpNw=,li7wnFqRbSP3+KHTTROUDUznGd0=
-49,44,K/talOapb4DSkACKdLkJ6IibpNw=,li7wnFqRbSP3+KHTTROUDUznGd0=
-54,45,K/talOapb4DSkACKdLkJ6IibpNw=,li7wnFqRbSP3+KHTTROUDUznGd0=
-55,45,K/talOapb4DSkACKdLkJ6IibpNw=,li7wnFqRbSP3+KHTTROUDUznGd0=
-49,47,K/talOapb4DSkACKdLkJ6IibpNw=,li7wnFqRbSP3+KHTTROUDUznGd0=
-50,47,K/talOapb4DSkACKdLkJ6IibpNw=,li7wnFqRbSP3+KHTTROUDUznGd0=
-55,40,K/talOapb4DSkACKdLkJ6IibpNw=,li7wnFqRbSP3+KHTTROUDUznGd0=
-54,40,Hrih9i1ousK7V3PmNBEvY162G6Y=,li7wnFqRbSP3+KHTTROUDUznGd0=
-53,45,Hrih9i1ousK7V3PmNBEvY162G6Y=,li7wnFqRbSP3+KHTTROUDUznGd0=
-52,45,Hrih9i1ousK7V3PmNBEvY162G6Y=,li7wnFqRbSP3+KHTTROUDUznGd0=
-53,40,Hrih9i1ousK7V3PmNBEvY162G6Y=,li7wnFqRbSP3+KHTTROUDUznGd0=
-51,45,Hrih9i1ousK7V3PmNBEvY162G6Y=,li7wnFqRbSP3+KHTTROUDUznGd0=
-51,47,Hrih9i1ousK7V3PmNBEvY162G6Y=,li7wnFqRbSP3+KHTTROUDUznGd0=
-49,39,Hrih9i1ousK7V3PmNBEvY162G6Y=,HPRtuMSHyRXFaGwDoYFTau/JEmU=
-52,47,Hrih9i1ousK7V3PmNBEvY162G6Y=,li7wnFqRbSP3+KHTTROUDUznGd0=
-51,42,Hrih9i1ousK7V3PmNBEvY162G6Y=,li7wnFqRbSP3+KHTTROUDUznGd0=
-50,39,Hrih9i1ousK7V3PmNBEvY162G6Y=,HPRtuMSHyRXFaGwDoYFTau/JEmU=
-53,47,Hrih9i1ousK7V3PmNBEvY162G6Y=,li7wnFqRbSP3+KHTTROUDUznGd0=
-52,40,Hrih9i1ousK7V3PmNBEvY162G6Y=,li7wnFqRbSP3+KHTTROUDUznGd0=
-50,45,Hrih9i1ousK7V3PmNBEvY162G6Y=,li7wnFqRbSP3+KHTTROUDUznGd0=
-49,45,Hrih9i1ousK7V3PmNBEvY162G6Y=,li7wnFqRbSP3+KHTTROUDUznGd0=
-51,40,Hrih9i1ousK7V3PmNBEvY162G6Y=,li7wnFqRbSP3+KHTTROUDUznGd0=
-55,46,Hrih9i1ousK7V3PmNBEvY162G6Y=,li7wnFqRbSP3+KHTTROUDUznGd0=
-50,40,Hrih9i1ousK7V3PmNBEvY162G6Y=,li7wnFqRbSP3+KHTTROUDUznGd0=
-49,40,Hrih9i1ousK7V3PmNBEvY162G6Y=,li7wnFqRbSP3+KHTTROUDUznGd0=
-55,41,Hrih9i1ousK7V3PmNBEvY162G6Y=,li7wnFqRbSP3+KHTTROUDUznGd0=
-54,41,Hrih9i1ousK7V3PmNBEvY162G6Y=,li7wnFqRbSP3+KHTTROUDUznGd0=
-54,46,Hrih9i1ousK7V3PmNBEvY162G6Y=,li7wnFqRbSP3+KHTTROUDUznGd0=
-53,41,Hrih9i1ousK7V3PmNBEvY162G6Y=,li7wnFqRbSP3+KHTTROUDUznGd0=
-52,41,Hrih9i1ousK7V3PmNBEvY162G6Y=,li7wnFqRbSP3+KHTTROUDUznGd0=
-51,41,Hrih9i1ousK7V3PmNBEvY162G6Y=,li7wnFqRbSP3+KHTTROUDUznGd0=
-50,41,Hrih9i1ousK7V3PmNBEvY162G6Y=,li7wnFqRbSP3+KHTTROUDUznGd0=
-49,41,Hrih9i1ousK7V3PmNBEvY162G6Y=,li7wnFqRbSP3+KHTTROUDUznGd0=
-52,42,Hrih9i1ousK7V3PmNBEvY162G6Y=,li7wnFqRbSP3+KHTTROUDUznGd0=
-54,47,Hrih9i1ousK7V3PmNBEvY162G6Y=,li7wnFqRbSP3+KHTTROUDUznGd0=
-53,42,Hrih9i1ousK7V3PmNBEvY162G6Y=,li7wnFqRbSP3+KHTTROUDUznGd0=
-55,47,Hrih9i1ousK7V3PmNBEvY162G6Y=,li7wnFqRbSP3+KHTTROUDUznGd0=
-55,39,Hrih9i1ousK7V3PmNBEvY162G6Y=,HPRtuMSHyRXFaGwDoYFTau/JEmU=
-53,46,Hrih9i1ousK7V3PmNBEvY162G6Y=,li7wnFqRbSP3+KHTTROUDUznGd0=
-51,39,Hrih9i1ousK7V3PmNBEvY162G6Y=,HPRtuMSHyRXFaGwDoYFTau/JEmU=
-54,42,Hrih9i1ousK7V3PmNBEvY162G6Y=,li7wnFqRbSP3+KHTTROUDUznGd0=
-52,39,Hrih9i1ousK7V3PmNBEvY162G6Y=,HPRtuMSHyRXFaGwDoYFTau/JEmU=
-54,39,Hrih9i1ousK7V3PmNBEvY162G6Y=,HPRtuMSHyRXFaGwDoYFTau/JEmU=
-52,46,Hrih9i1ousK7V3PmNBEvY162G6Y=,li7wnFqRbSP3+KHTTROUDUznGd0=
-51,46,Hrih9i1ousK7V3PmNBEvY162G6Y=,li7wnFqRbSP3+KHTTROUDUznGd0=
-49,46,Hrih9i1ousK7V3PmNBEvY162G6Y=,li7wnFqRbSP3+KHTTROUDUznGd0=
-50,46,Hrih9i1ousK7V3PmNBEvY162G6Y=,li7wnFqRbSP3+KHTTROUDUznGd0=
-55,42,Hrih9i1ousK7V3PmNBEvY162G6Y=,li7wnFqRbSP3+KHTTROUDUznGd0=
-53,39,Hrih9i1ousK7V3PmNBEvY162G6Y=,HPRtuMSHyRXFaGwDoYFTau/JEmU=
-56,47,Hrih9i1ousK7V3PmNBEvY162G6Y=,li7wnFqRbSP3+KHTTROUDUznGd0=
-59,44,Hrih9i1ousK7V3PmNBEvY162G6Y=,LK5EUKzpXEdTWfuSDoPM8U735zQ=
-60,44,Hrih9i1ousK7V3PmNBEvY162G6Y=,LK5EUKzpXEdTWfuSDoPM8U735zQ=
-62,44,Hrih9i1ousK7V3PmNBEvY162G6Y=,LK5EUKzpXEdTWfuSDoPM8U735zQ=
-58,44,Hrih9i1ousK7V3PmNBEvY162G6Y=,LK5EUKzpXEdTWfuSDoPM8U735zQ=
-61,44,Hrih9i1ousK7V3PmNBEvY162G6Y=,LK5EUKzpXEdTWfuSDoPM8U735zQ=
-64,45,Hrih9i1ousK7V3PmNBEvY162G6Y=,LK5EUKzpXEdTWfuSDoPM8U735zQ=
-63,44,Hrih9i1ousK7V3PmNBEvY162G6Y=,LK5EUKzpXEdTWfuSDoPM8U735zQ=
-57,44,Hrih9i1ousK7V3PmNBEvY162G6Y=,LK5EUKzpXEdTWfuSDoPM8U735zQ=
-64,44,Hrih9i1ousK7V3PmNBEvY162G6Y=,LK5EUKzpXEdTWfuSDoPM8U735zQ=
-56,43,Hrih9i1ousK7V3PmNBEvY162G6Y=,li7wnFqRbSP3+KHTTROUDUznGd0=
-64,39,Hrih9i1ousK7V3PmNBEvY162G6Y=,MNP3xls4XVFQYKSaxaIUUHusfec=
-63,39,Hrih9i1ousK7V3PmNBEvY162G6Y=,MNP3xls4XVFQYKSaxaIUUHusfec=
-62,39,Hrih9i1ousK7V3PmNBEvY162G6Y=,MNP3xls4XVFQYKSaxaIUUHusfec=
-63,45,Hrih9i1ousK7V3PmNBEvY162G6Y=,LK5EUKzpXEdTWfuSDoPM8U735zQ=
-62,45,Hrih9i1ousK7V3PmNBEvY162G6Y=,LK5EUKzpXEdTWfuSDoPM8U735zQ=
-61,45,Hrih9i1ousK7V3PmNBEvY162G6Y=,LK5EUKzpXEdTWfuSDoPM8U735zQ=
-60,45,Hrih9i1ousK7V3PmNBEvY162G6Y=,LK5EUKzpXEdTWfuSDoPM8U735zQ=
-61,39,Hrih9i1ousK7V3PmNBEvY162G6Y=,MNP3xls4XVFQYKSaxaIUUHusfec=
-59,45,Hrih9i1ousK7V3PmNBEvY162G6Y=,LK5EUKzpXEdTWfuSDoPM8U735zQ=
-60,39,Hrih9i1ousK7V3PmNBEvY162G6Y=,MNP3xls4XVFQYKSaxaIUUHusfec=
-59,39,Hrih9i1ousK7V3PmNBEvY162G6Y=,MNP3xls4XVFQYKSaxaIUUHusfec=
-58,39,Hrih9i1ousK7V3PmNBEvY162G6Y=,MNP3xls4XVFQYKSaxaIUUHusfec=
-56,39,Hrih9i1ousK7V3PmNBEvY162G6Y=,HPRtuMSHyRXFaGwDoYFTau/JEmU=
-58,43,Hrih9i1ousK7V3PmNBEvY162G6Y=,LK5EUKzpXEdTWfuSDoPM8U735zQ=
-60,43,Hrih9i1ousK7V3PmNBEvY162G6Y=,LK5EUKzpXEdTWfuSDoPM8U735zQ=
-57,43,Hrih9i1ousK7V3PmNBEvY162G6Y=,LK5EUKzpXEdTWfuSDoPM8U735zQ=
-56,42,Hrih9i1ousK7V3PmNBEvY162G6Y=,li7wnFqRbSP3+KHTTROUDUznGd0=
-59,43,Hrih9i1ousK7V3PmNBEvY162G6Y=,LK5EUKzpXEdTWfuSDoPM8U735zQ=
-56,46,Hrih9i1ousK7V3PmNBEvY162G6Y=,li7wnFqRbSP3+KHTTROUDUznGd0=
-61,43,Hrih9i1ousK7V3PmNBEvY162G6Y=,LK5EUKzpXEdTWfuSDoPM8U735zQ=
-57,39,Hrih9i1ousK7V3PmNBEvY162G6Y=,MNP3xls4XVFQYKSaxaIUUHusfec=
-64,40,Hrih9i1ousK7V3PmNBEvY162G6Y=,LK5EUKzpXEdTWfuSDoPM8U735zQ=
-63,40,Hrih9i1ousK7V3PmNBEvY162G6Y=,LK5EUKzpXEdTWfuSDoPM8U735zQ=
-58,45,Hrih9i1ousK7V3PmNBEvY162G6Y=,LK5EUKzpXEdTWfuSDoPM8U735zQ=
-57,45,Hrih9i1ousK7V3PmNBEvY162G6Y=,LK5EUKzpXEdTWfuSDoPM8U735zQ=
-62,43,Hrih9i1ousK7V3PmNBEvY162G6Y=,LK5EUKzpXEdTWfuSDoPM8U735zQ=
-62,40,Hrih9i1ousK7V3PmNBEvY162G6Y=,LK5EUKzpXEdTWfuSDoPM8U735zQ=
-64,46,Hrih9i1ousK7V3PmNBEvY162G6Y=,LK5EUKzpXEdTWfuSDoPM8U735zQ=
-63,46,Hrih9i1ousK7V3PmNBEvY162G6Y=,LK5EUKzpXEdTWfuSDoPM8U735zQ=
-62,46,Hrih9i1ousK7V3PmNBEvY162G6Y=,LK5EUKzpXEdTWfuSDoPM8U735zQ=
-61,40,Hrih9i1ousK7V3PmNBEvY162G6Y=,LK5EUKzpXEdTWfuSDoPM8U735zQ=
-56,44,Hrih9i1ousK7V3PmNBEvY162G6Y=,li7wnFqRbSP3+KHTTROUDUznGd0=
-61,46,Hrih9i1ousK7V3PmNBEvY162G6Y=,LK5EUKzpXEdTWfuSDoPM8U735zQ=
-60,46,Hrih9i1ousK7V3PmNBEvY162G6Y=,LK5EUKzpXEdTWfuSDoPM8U735zQ=
-59,46,Hrih9i1ousK7V3PmNBEvY162G6Y=,LK5EUKzpXEdTWfuSDoPM8U735zQ=
-58,46,Hrih9i1ousK7V3PmNBEvY162G6Y=,LK5EUKzpXEdTWfuSDoPM8U735zQ=
-57,46,Hrih9i1ousK7V3PmNBEvY162G6Y=,LK5EUKzpXEdTWfuSDoPM8U735zQ=
-60,40,Hrih9i1ousK7V3PmNBEvY162G6Y=,LK5EUKzpXEdTWfuSDoPM8U735zQ=
-59,40,Hrih9i1ousK7V3PmNBEvY162G6Y=,LK5EUKzpXEdTWfuSDoPM8U735zQ=
-63,43,Hrih9i1ousK7V3PmNBEvY162G6Y=,LK5EUKzpXEdTWfuSDoPM8U735zQ=
-57,42,Hrih9i1ousK7V3PmNBEvY162G6Y=,LK5EUKzpXEdTWfuSDoPM8U735zQ=
-59,42,Hrih9i1ousK7V3PmNBEvY162G6Y=,LK5EUKzpXEdTWfuSDoPM8U735zQ=
-64,43,Hrih9i1ousK7V3PmNBEvY162G6Y=,LK5EUKzpXEdTWfuSDoPM8U735zQ=
-56,41,Hrih9i1ousK7V3PmNBEvY162G6Y=,li7wnFqRbSP3+KHTTROUDUznGd0=
-58,42,Hrih9i1ousK7V3PmNBEvY162G6Y=,LK5EUKzpXEdTWfuSDoPM8U735zQ=
-63,42,Hrih9i1ousK7V3PmNBEvY162G6Y=,LK5EUKzpXEdTWfuSDoPM8U735zQ=
-58,40,Hrih9i1ousK7V3PmNBEvY162G6Y=,LK5EUKzpXEdTWfuSDoPM8U735zQ=
-64,47,Hrih9i1ousK7V3PmNBEvY162G6Y=,LK5EUKzpXEdTWfuSDoPM8U735zQ=
-64,42,Hrih9i1ousK7V3PmNBEvY162G6Y=,LK5EUKzpXEdTWfuSDoPM8U735zQ=
-56,45,Hrih9i1ousK7V3PmNBEvY162G6Y=,li7wnFqRbSP3+KHTTROUDUznGd0=
-62,42,Hrih9i1ousK7V3PmNBEvY162G6Y=,LK5EUKzpXEdTWfuSDoPM8U735zQ=
-60,42,Hrih9i1ousK7V3PmNBEvY162G6Y=,LK5EUKzpXEdTWfuSDoPM8U735zQ=
-61,42,Hrih9i1ousK7V3PmNBEvY162G6Y=,LK5EUKzpXEdTWfuSDoPM8U735zQ=
-60,41,Hrih9i1ousK7V3PmNBEvY162G6Y=,LK5EUKzpXEdTWfuSDoPM8U735zQ=
-57,47,Hrih9i1ousK7V3PmNBEvY162G6Y=,LK5EUKzpXEdTWfuSDoPM8U735zQ=
-58,47,Hrih9i1ousK7V3PmNBEvY162G6Y=,LK5EUKzpXEdTWfuSDoPM8U735zQ=
-59,47,Hrih9i1ousK7V3PmNBEvY162G6Y=,LK5EUKzpXEdTWfuSDoPM8U735zQ=
-61,41,Hrih9i1ousK7V3PmNBEvY162G6Y=,LK5EUKzpXEdTWfuSDoPM8U735zQ=
-60,47,Hrih9i1ousK7V3PmNBEvY162G6Y=,LK5EUKzpXEdTWfuSDoPM8U735zQ=
-61,47,Hrih9i1ousK7V3PmNBEvY162G6Y=,LK5EUKzpXEdTWfuSDoPM8U735zQ=
-59,41,Hrih9i1ousK7V3PmNBEvY162G6Y=,LK5EUKzpXEdTWfuSDoPM8U735zQ=
-62,47,Hrih9i1ousK7V3PmNBEvY162G6Y=,LK5EUKzpXEdTWfuSDoPM8U735zQ=
-64,41,Hrih9i1ousK7V3PmNBEvY162G6Y=,LK5EUKzpXEdTWfuSDoPM8U735zQ=
-63,47,Hrih9i1ousK7V3PmNBEvY162G6Y=,LK5EUKzpXEdTWfuSDoPM8U735zQ=
-57,41,Hrih9i1ousK7V3PmNBEvY162G6Y=,LK5EUKzpXEdTWfuSDoPM8U735zQ=
-62,41,Hrih9i1ousK7V3PmNBEvY162G6Y=,LK5EUKzpXEdTWfuSDoPM8U735zQ=
-58,41,Hrih9i1ousK7V3PmNBEvY162G6Y=,LK5EUKzpXEdTWfuSDoPM8U735zQ=
-57,40,Hrih9i1ousK7V3PmNBEvY162G6Y=,LK5EUKzpXEdTWfuSDoPM8U735zQ=
-63,41,Hrih9i1ousK7V3PmNBEvY162G6Y=,LK5EUKzpXEdTWfuSDoPM8U735zQ=
-56,40,Hrih9i1ousK7V3PmNBEvY162G6Y=,li7wnFqRbSP3+KHTTROUDUznGd0=
-37,39,daJHI+PdhBGToaiepe3nJO+kczA=,z2bD0OpisxobowEyBw3SpqsoubQ=
-36,39,daJHI+PdhBGToaiepe3nJO+kczA=,z2bD0OpisxobowEyBw3SpqsoubQ=
-38,39,daJHI+PdhBGToaiepe3nJO+kczA=,z2bD0OpisxobowEyBw3SpqsoubQ=
-39,39,daJHI+PdhBGToaiepe3nJO+kczA=,z2bD0OpisxobowEyBw3SpqsoubQ=
-33,38,daJHI+PdhBGToaiepe3nJO+kczA=,z2bD0OpisxobowEyBw3SpqsoubQ=
-34,38,daJHI+PdhBGToaiepe3nJO+kczA=,z2bD0OpisxobowEyBw3SpqsoubQ=
-35,38,daJHI+PdhBGToaiepe3nJO+kczA=,z2bD0OpisxobowEyBw3SpqsoubQ=
-36,38,daJHI+PdhBGToaiepe3nJO+kczA=,z2bD0OpisxobowEyBw3SpqsoubQ=
-37,38,daJHI+PdhBGToaiepe3nJO+kczA=,z2bD0OpisxobowEyBw3SpqsoubQ=
-38,38,daJHI+PdhBGToaiepe3nJO+kczA=,z2bD0OpisxobowEyBw3SpqsoubQ=
-33,37,daJHI+PdhBGToaiepe3nJO+kczA=,z2bD0OpisxobowEyBw3SpqsoubQ=
-39,38,daJHI+PdhBGToaiepe3nJO+kczA=,z2bD0OpisxobowEyBw3SpqsoubQ=
-34,37,daJHI+PdhBGToaiepe3nJO+kczA=,z2bD0OpisxobowEyBw3SpqsoubQ=
-35,37,daJHI+PdhBGToaiepe3nJO+kczA=,z2bD0OpisxobowEyBw3SpqsoubQ=
-37,37,daJHI+PdhBGToaiepe3nJO+kczA=,z2bD0OpisxobowEyBw3SpqsoubQ=
-36,37,daJHI+PdhBGToaiepe3nJO+kczA=,z2bD0OpisxobowEyBw3SpqsoubQ=
-38,37,daJHI+PdhBGToaiepe3nJO+kczA=,z2bD0OpisxobowEyBw3SpqsoubQ=
-33,36,daJHI+PdhBGToaiepe3nJO+kczA=,z2bD0OpisxobowEyBw3SpqsoubQ=
-39,37,daJHI+PdhBGToaiepe3nJO+kczA=,z2bD0OpisxobowEyBw3SpqsoubQ=
-35,36,daJHI+PdhBGToaiepe3nJO+kczA=,z2bD0OpisxobowEyBw3SpqsoubQ=
-34,36,daJHI+PdhBGToaiepe3nJO+kczA=,z2bD0OpisxobowEyBw3SpqsoubQ=
-36,36,daJHI+PdhBGToaiepe3nJO+kczA=,z2bD0OpisxobowEyBw3SpqsoubQ=
-37,36,daJHI+PdhBGToaiepe3nJO+kczA=,z2bD0OpisxobowEyBw3SpqsoubQ=
-38,36,daJHI+PdhBGToaiepe3nJO+kczA=,z2bD0OpisxobowEyBw3SpqsoubQ=
-39,36,daJHI+PdhBGToaiepe3nJO+kczA=,z2bD0OpisxobowEyBw3SpqsoubQ=
-33,35,daJHI+PdhBGToaiepe3nJO+kczA=,z2bD0OpisxobowEyBw3SpqsoubQ=
-34,35,daJHI+PdhBGToaiepe3nJO+kczA=,z2bD0OpisxobowEyBw3SpqsoubQ=
-36,35,daJHI+PdhBGToaiepe3nJO+kczA=,z2bD0OpisxobowEyBw3SpqsoubQ=
-37,35,daJHI+PdhBGToaiepe3nJO+kczA=,z2bD0OpisxobowEyBw3SpqsoubQ=
-38,35,daJHI+PdhBGToaiepe3nJO+kczA=,z2bD0OpisxobowEyBw3SpqsoubQ=
-35,35,daJHI+PdhBGToaiepe3nJO+kczA=,z2bD0OpisxobowEyBw3SpqsoubQ=
-39,35,daJHI+PdhBGToaiepe3nJO+kczA=,z2bD0OpisxobowEyBw3SpqsoubQ=
-33,34,daJHI+PdhBGToaiepe3nJO+kczA=,z2bD0OpisxobowEyBw3SpqsoubQ=
-34,34,daJHI+PdhBGToaiepe3nJO+kczA=,z2bD0OpisxobowEyBw3SpqsoubQ=
-36,34,daJHI+PdhBGToaiepe3nJO+kczA=,z2bD0OpisxobowEyBw3SpqsoubQ=
-35,34,daJHI+PdhBGToaiepe3nJO+kczA=,z2bD0OpisxobowEyBw3SpqsoubQ=
-37,34,daJHI+PdhBGToaiepe3nJO+kczA=,z2bD0OpisxobowEyBw3SpqsoubQ=
-38,34,daJHI+PdhBGToaiepe3nJO+kczA=,z2bD0OpisxobowEyBw3SpqsoubQ=
-39,34,daJHI+PdhBGToaiepe3nJO+kczA=,z2bD0OpisxobowEyBw3SpqsoubQ=
-33,33,daJHI+PdhBGToaiepe3nJO+kczA=,z2bD0OpisxobowEyBw3SpqsoubQ=
-34,33,daJHI+PdhBGToaiepe3nJO+kczA=,z2bD0OpisxobowEyBw3SpqsoubQ=
-35,33,daJHI+PdhBGToaiepe3nJO+kczA=,z2bD0OpisxobowEyBw3SpqsoubQ=
-36,33,daJHI+PdhBGToaiepe3nJO+kczA=,z2bD0OpisxobowEyBw3SpqsoubQ=
-37,33,daJHI+PdhBGToaiepe3nJO+kczA=,z2bD0OpisxobowEyBw3SpqsoubQ=
-38,33,daJHI+PdhBGToaiepe3nJO+kczA=,z2bD0OpisxobowEyBw3SpqsoubQ=
-39,33,daJHI+PdhBGToaiepe3nJO+kczA=,z2bD0OpisxobowEyBw3SpqsoubQ=
-35,32,daJHI+PdhBGToaiepe3nJO+kczA=,z2bD0OpisxobowEyBw3SpqsoubQ=
-33,32,daJHI+PdhBGToaiepe3nJO+kczA=,z2bD0OpisxobowEyBw3SpqsoubQ=
-34,32,daJHI+PdhBGToaiepe3nJO+kczA=,z2bD0OpisxobowEyBw3SpqsoubQ=
-33,39,daJHI+PdhBGToaiepe3nJO+kczA=,z2bD0OpisxobowEyBw3SpqsoubQ=
-34,39,daJHI+PdhBGToaiepe3nJO+kczA=,z2bD0OpisxobowEyBw3SpqsoubQ=
-35,39,daJHI+PdhBGToaiepe3nJO+kczA=,z2bD0OpisxobowEyBw3SpqsoubQ=
-38,32,daJHI+PdhBGToaiepe3nJO+kczA=,z2bD0OpisxobowEyBw3SpqsoubQ=
-36,32,daJHI+PdhBGToaiepe3nJO+kczA=,z2bD0OpisxobowEyBw3SpqsoubQ=
-39,32,daJHI+PdhBGToaiepe3nJO+kczA=,z2bD0OpisxobowEyBw3SpqsoubQ=
-37,32,daJHI+PdhBGToaiepe3nJO+kczA=,z2bD0OpisxobowEyBw3SpqsoubQ=
-43,38,daJHI+PdhBGToaiepe3nJO+kczA=,36EHXDHowM44N3ISGqkMqDUb8v0=
-44,39,daJHI+PdhBGToaiepe3nJO+kczA=,36EHXDHowM44N3ISGqkMqDUb8v0=
-46,35,daJHI+PdhBGToaiepe3nJO+kczA=,36EHXDHowM44N3ISGqkMqDUb8v0=
-43,39,daJHI+PdhBGToaiepe3nJO+kczA=,36EHXDHowM44N3ISGqkMqDUb8v0=
-42,38,daJHI+PdhBGToaiepe3nJO+kczA=,36EHXDHowM44N3ISGqkMqDUb8v0=
-45,35,daJHI+PdhBGToaiepe3nJO+kczA=,36EHXDHowM44N3ISGqkMqDUb8v0=
-42,39,daJHI+PdhBGToaiepe3nJO+kczA=,36EHXDHowM44N3ISGqkMqDUb8v0=
-41,39,daJHI+PdhBGToaiepe3nJO+kczA=,36EHXDHowM44N3ISGqkMqDUb8v0=
-48,36,daJHI+PdhBGToaiepe3nJO+kczA=,36EHXDHowM44N3ISGqkMqDUb8v0=
-44,38,daJHI+PdhBGToaiepe3nJO+kczA=,36EHXDHowM44N3ISGqkMqDUb8v0=
-40,39,daJHI+PdhBGToaiepe3nJO+kczA=,z2bD0OpisxobowEyBw3SpqsoubQ=
-47,35,daJHI+PdhBGToaiepe3nJO+kczA=,36EHXDHowM44N3ISGqkMqDUb8v0=
-45,32,daJHI+PdhBGToaiepe3nJO+kczA=,36EHXDHowM44N3ISGqkMqDUb8v0=
-44,35,daJHI+PdhBGToaiepe3nJO+kczA=,36EHXDHowM44N3ISGqkMqDUb8v0=
-44,32,daJHI+PdhBGToaiepe3nJO+kczA=,36EHXDHowM44N3ISGqkMqDUb8v0=
-47,36,daJHI+PdhBGToaiepe3nJO+kczA=,36EHXDHowM44N3ISGqkMqDUb8v0=
-40,38,daJHI+PdhBGToaiepe3nJO+kczA=,z2bD0OpisxobowEyBw3SpqsoubQ=
-45,39,daJHI+PdhBGToaiepe3nJO+kczA=,36EHXDHowM44N3ISGqkMqDUb8v0=
-47,34,daJHI+PdhBGToaiepe3nJO+kczA=,36EHXDHowM44N3ISGqkMqDUb8v0=
-48,35,daJHI+PdhBGToaiepe3nJO+kczA=,36EHXDHowM44N3ISGqkMqDUb8v0=
-46,32,daJHI+PdhBGToaiepe3nJO+kczA=,36EHXDHowM44N3ISGqkMqDUb8v0=
-45,33,daJHI+PdhBGToaiepe3nJO+kczA=,36EHXDHowM44N3ISGqkMqDUb8v0=
-48,34,daJHI+PdhBGToaiepe3nJO+kczA=,36EHXDHowM44N3ISGqkMqDUb8v0=
-40,37,daJHI+PdhBGToaiepe3nJO+kczA=,z2bD0OpisxobowEyBw3SpqsoubQ=
-43,32,daJHI+PdhBGToaiepe3nJO+kczA=,36EHXDHowM44N3ISGqkMqDUb8v0=
-42,37,daJHI+PdhBGToaiepe3nJO+kczA=,36EHXDHowM44N3ISGqkMqDUb8v0=
-46,39,daJHI+PdhBGToaiepe3nJO+kczA=,36EHXDHowM44N3ISGqkMqDUb8v0=
-43,37,daJHI+PdhBGToaiepe3nJO+kczA=,36EHXDHowM44N3ISGqkMqDUb8v0=
-43,35,daJHI+PdhBGToaiepe3nJO+kczA=,36EHXDHowM44N3ISGqkMqDUb8v0=
-46,34,daJHI+PdhBGToaiepe3nJO+kczA=,36EHXDHowM44N3ISGqkMqDUb8v0=
-45,38,daJHI+PdhBGToaiepe3nJO+kczA=,36EHXDHowM44N3ISGqkMqDUb8v0=
-40,36,daJHI+PdhBGToaiepe3nJO+kczA=,z2bD0OpisxobowEyBw3SpqsoubQ=
-41,35,daJHI+PdhBGToaiepe3nJO+kczA=,36EHXDHowM44N3ISGqkMqDUb8v0=
-47,39,daJHI+PdhBGToaiepe3nJO+kczA=,36EHXDHowM44N3ISGqkMqDUb8v0=
-45,37,daJHI+PdhBGToaiepe3nJO+kczA=,36EHXDHowM44N3ISGqkMqDUb8v0=
-44,37,daJHI+PdhBGToaiepe3nJO+kczA=,36EHXDHowM44N3ISGqkMqDUb8v0=
-47,37,daJHI+PdhBGToaiepe3nJO+kczA=,36EHXDHowM44N3ISGqkMqDUb8v0=
-40,32,daJHI+PdhBGToaiepe3nJO+kczA=,z2bD0OpisxobowEyBw3SpqsoubQ=
-46,38,daJHI+PdhBGToaiepe3nJO+kczA=,36EHXDHowM44N3ISGqkMqDUb8v0=
-47,32,daJHI+PdhBGToaiepe3nJO+kczA=,36EHXDHowM44N3ISGqkMqDUb8v0=
-46,37,daJHI+PdhBGToaiepe3nJO+kczA=,36EHXDHowM44N3ISGqkMqDUb8v0=
-40,33,daJHI+PdhBGToaiepe3nJO+kczA=,z2bD0OpisxobowEyBw3SpqsoubQ=
-44,33,daJHI+PdhBGToaiepe3nJO+kczA=,36EHXDHowM44N3ISGqkMqDUb8v0=
-41,36,daJHI+PdhBGToaiepe3nJO+kczA=,36EHXDHowM44N3ISGqkMqDUb8v0=
-45,34,daJHI+PdhBGToaiepe3nJO+kczA=,36EHXDHowM44N3ISGqkMqDUb8v0=
-46,33,daJHI+PdhBGToaiepe3nJO+kczA=,36EHXDHowM44N3ISGqkMqDUb8v0=
-41,37,daJHI+PdhBGToaiepe3nJO+kczA=,36EHXDHowM44N3ISGqkMqDUb8v0=
-42,36,daJHI+PdhBGToaiepe3nJO+kczA=,36EHXDHowM44N3ISGqkMqDUb8v0=
-48,37,daJHI+PdhBGToaiepe3nJO+kczA=,36EHXDHowM44N3ISGqkMqDUb8v0=
-42,34,daJHI+PdhBGToaiepe3nJO+kczA=,36EHXDHowM44N3ISGqkMqDUb8v0=
-43,34,daJHI+PdhBGToaiepe3nJO+kczA=,36EHXDHowM44N3ISGqkMqDUb8v0=
-41,34,daJHI+PdhBGToaiepe3nJO+kczA=,36EHXDHowM44N3ISGqkMqDUb8v0=
-47,33,daJHI+PdhBGToaiepe3nJO+kczA=,36EHXDHowM44N3ISGqkMqDUb8v0=
-42,33,daJHI+PdhBGToaiepe3nJO+kczA=,36EHXDHowM44N3ISGqkMqDUb8v0=
-42,32,daJHI+PdhBGToaiepe3nJO+kczA=,36EHXDHowM44N3ISGqkMqDUb8v0=
-41,38,daJHI+PdhBGToaiepe3nJO+kczA=,36EHXDHowM44N3ISGqkMqDUb8v0=
-45,36,daJHI+PdhBGToaiepe3nJO+kczA=,36EHXDHowM44N3ISGqkMqDUb8v0=
-43,36,daJHI+PdhBGToaiepe3nJO+kczA=,36EHXDHowM44N3ISGqkMqDUb8v0=
-40,35,daJHI+PdhBGToaiepe3nJO+kczA=,z2bD0OpisxobowEyBw3SpqsoubQ=
-44,36,daJHI+PdhBGToaiepe3nJO+kczA=,36EHXDHowM44N3ISGqkMqDUb8v0=
-44,34,daJHI+PdhBGToaiepe3nJO+kczA=,36EHXDHowM44N3ISGqkMqDUb8v0=
-43,33,daJHI+PdhBGToaiepe3nJO+kczA=,36EHXDHowM44N3ISGqkMqDUb8v0=
-41,32,daJHI+PdhBGToaiepe3nJO+kczA=,36EHXDHowM44N3ISGqkMqDUb8v0=
-48,33,daJHI+PdhBGToaiepe3nJO+kczA=,36EHXDHowM44N3ISGqkMqDUb8v0=
-47,38,daJHI+PdhBGToaiepe3nJO+kczA=,36EHXDHowM44N3ISGqkMqDUb8v0=
-48,32,daJHI+PdhBGToaiepe3nJO+kczA=,36EHXDHowM44N3ISGqkMqDUb8v0=
-48,39,daJHI+PdhBGToaiepe3nJO+kczA=,36EHXDHowM44N3ISGqkMqDUb8v0=
-46,36,daJHI+PdhBGToaiepe3nJO+kczA=,36EHXDHowM44N3ISGqkMqDUb8v0=
-42,35,daJHI+PdhBGToaiepe3nJO+kczA=,36EHXDHowM44N3ISGqkMqDUb8v0=
-41,33,daJHI+PdhBGToaiepe3nJO+kczA=,36EHXDHowM44N3ISGqkMqDUb8v0=
-40,34,daJHI+PdhBGToaiepe3nJO+kczA=,z2bD0OpisxobowEyBw3SpqsoubQ=
-48,38,daJHI+PdhBGToaiepe3nJO+kczA=,36EHXDHowM44N3ISGqkMqDUb8v0=
