40,8,DOjvfdbWUBPF8CVMk/TERVIdm7I=,tebCeihmNFBupeXJOC0+pJE6EYk=
39,5,DOjvfdbWUBPF8CVMk/TERVIdm7I=,Sx7N+czdHyDlSYGHF10XzVKM1+0=
40,7,yfglKDIy6lr04EPxN3qNcEJN9Uc=,8cyUJgR4ucu9qavxJyd2cVHP+jQ=
39,7,yfglKDIy6lr04EPxN3qNcEJN9Uc=,Sx7N+czdHyDlSYGHF10XzVKM1+0=
36,10,DOjvfdbWUBPF8CVMk/TERVIdm7I=,YCcWrLp4XqYKLslSZFbpEHfjC6Q=
38,6,DOjvfdbWUBPF8CVMk/TERVIdm7I=,Sx7N+czdHyDlSYGHF10XzVKM1+0=
36,11,DOjvfdbWUBPF8CVMk/TERVIdm7I=,YCcWrLp4XqYKLslSZFbpEHfjC6Q=
36,4,DOjvfdbWUBPF8CVMk/TERVIdm7I=,Sx7N+czdHyDlSYGHF10XzVKM1+0=
37,10,DOjvfdbWUBPF8CVMk/TERVIdm7I=,YCcWrLp4XqYKLslSZFbpEHfjC6Q=
41,4,yfglKDIy6lr04EPxN3qNcEJN9Uc=,8cyUJgR4ucu9qavxJyd2cVHP+jQ=
37,4,DOjvfdbWUBPF8CVMk/TERVIdm7I=,Sx7N+czdHyDlSYGHF10XzVKM1+0=
36,6,DOjvfdbWUBPF8CVMk/TERVIdm7I=,Sx7N+czdHyDlSYGHF10XzVKM1+0=
36,5,DOjvfdbWUBPF8CVMk/TERVIdm7I=,Sx7N+czdHyDlSYGHF10XzVKM1+0=
38,4,DOjvfdbWUBPF8CVMk/TERVIdm7I=,Sx7N+czdHyDlSYGHF10XzVKM1+0=
37,6,DOjvfdbWUBPF8CVMk/TERVIdm7I=,Sx7N+czdHyDlSYGHF10XzVKM1+0=
38,5,DOjvfdbWUBPF8CVMk/TERVIdm7I=,Sx7N+czdHyDlSYGHF10XzVKM1+0=
39,6,DOjvfdbWUBPF8CVMk/TERVIdm7I=,Sx7N+czdHyDlSYGHF10XzVKM1+0=
42,4,yfglKDIy6lr04EPxN3qNcEJN9Uc=,8cyUJgR4ucu9qavxJyd2cVHP+jQ=
37,5,DOjvfdbWUBPF8CVMk/TERVIdm7I=,Sx7N+czdHyDlSYGHF10XzVKM1+0=
41,7,DOjvfdbWUBPF8CVMk/TERVIdm7I=,8cyUJgR4ucu9qavxJyd2cVHP+jQ=
36,7,DOjvfdbWUBPF8CVMk/TERVIdm7I=,Sx7N+czdHyDlSYGHF10XzVKM1+0=
40,5,yfglKDIy6lr04EPxN3qNcEJN9Uc=,8cyUJgR4ucu9qavxJyd2cVHP+jQ=
37,7,DOjvfdbWUBPF8CVMk/TERVIdm7I=,Sx7N+czdHyDlSYGHF10XzVKM1+0=
38,7,DOjvfdbWUBPF8CVMk/TERVIdm7I=,Sx7N+czdHyDlSYGHF10XzVKM1+0=
43,4,yfglKDIy6lr04EPxN3qNcEJN9Uc=,8cyUJgR4ucu9qavxJyd2cVHP+jQ=
40,6,DOjvfdbWUBPF8CVMk/TERVIdm7I=,8cyUJgR4ucu9qavxJyd2cVHP+jQ=
37,11,DOjvfdbWUBPF8CVMk/TERVIdm7I=,YCcWrLp4XqYKLslSZFbpEHfjC6Q=
38,11,DOjvfdbWUBPF8CVMk/TERVIdm7I=,YCcWrLp4XqYKLslSZFbpEHfjC6Q=
38,8,DOjvfdbWUBPF8CVMk/TERVIdm7I=,YCcWrLp4XqYKLslSZFbpEHfjC6Q=
42,7,DOjvfdbWUBPF8CVMk/TERVIdm7I=,8cyUJgR4ucu9qavxJyd2cVHP+jQ=
43,7,DOjvfdbWUBPF8CVMk/TERVIdm7I=,8cyUJgR4ucu9qavxJyd2cVHP+jQ=
41,5,yfglKDIy6lr04EPxN3qNcEJN9Uc=,8cyUJgR4ucu9qavxJyd2cVHP+jQ=
42,6,yfglKDIy6lr04EPxN3qNcEJN9Uc=,8cyUJgR4ucu9qavxJyd2cVHP+jQ=
42,5,yfglKDIy6lr04EPxN3qNcEJN9Uc=,8cyUJgR4ucu9qavxJyd2cVHP+jQ=
36,9,DOjvfdbWUBPF8CVMk/TERVIdm7I=,YCcWrLp4XqYKLslSZFbpEHfjC6Q=
41,6,yfglKDIy6lr04EPxN3qNcEJN9Uc=,8cyUJgR4ucu9qavxJyd2cVHP+jQ=
41,11,DOjvfdbWUBPF8CVMk/TERVIdm7I=,tebCeihmNFBupeXJOC0+pJE6EYk=
41,10,DOjvfdbWUBPF8CVMk/TERVIdm7I=,tebCeihmNFBupeXJOC0+pJE6EYk=
43,6,yfglKDIy6lr04EPxN3qNcEJN9Uc=,8cyUJgR4ucu9qavxJyd2cVHP+jQ=
39,4,DOjvfdbWUBPF8CVMk/TERVIdm7I=,Sx7N+czdHyDlSYGHF10XzVKM1+0=
40,11,DOjvfdbWUBPF8CVMk/TERVIdm7I=,tebCeihmNFBupeXJOC0+pJE6EYk=
40,10,DOjvfdbWUBPF8CVMk/TERVIdm7I=,tebCeihmNFBupeXJOC0+pJE6EYk=
39,10,DOjvfdbWUBPF8CVMk/TERVIdm7I=,YCcWrLp4XqYKLslSZFbpEHfjC6Q=
42,9,DOjvfdbWUBPF8CVMk/TERVIdm7I=,tebCeihmNFBupeXJOC0+pJE6EYk=
36,8,DOjvfdbWUBPF8CVMk/TERVIdm7I=,YCcWrLp4XqYKLslSZFbpEHfjC6Q=
38,10,DOjvfdbWUBPF8CVMk/TERVIdm7I=,YCcWrLp4XqYKLslSZFbpEHfjC6Q=
41,9,DOjvfdbWUBPF8CVMk/TERVIdm7I=,tebCeihmNFBupeXJOC0+pJE6EYk=
43,9,DOjvfdbWUBPF8CVMk/TERVIdm7I=,tebCeihmNFBupeXJOC0+pJE6EYk=
43,11,DOjvfdbWUBPF8CVMk/TERVIdm7I=,tebCeihmNFBupeXJOC0+pJE6EYk=
42,8,DOjvfdbWUBPF8CVMk/TERVIdm7I=,tebCeihmNFBupeXJOC0+pJE6EYk=
42,11,DOjvfdbWUBPF8CVMk/TERVIdm7I=,tebCeihmNFBupeXJOC0+pJE6EYk=
43,10,DOjvfdbWUBPF8CVMk/TERVIdm7I=,tebCeihmNFBupeXJOC0+pJE6EYk=
39,9,DOjvfdbWUBPF8CVMk/TERVIdm7I=,YCcWrLp4XqYKLslSZFbpEHfjC6Q=
43,8,DOjvfdbWUBPF8CVMk/TERVIdm7I=,tebCeihmNFBupeXJOC0+pJE6EYk=
40,4,yfglKDIy6lr04EPxN3qNcEJN9Uc=,8cyUJgR4ucu9qavxJyd2cVHP+jQ=
40,9,DOjvfdbWUBPF8CVMk/TERVIdm7I=,tebCeihmNFBupeXJOC0+pJE6EYk=
41,8,DOjvfdbWUBPF8CVMk/TERVIdm7I=,tebCeihmNFBupeXJOC0+pJE6EYk=
39,8,DOjvfdbWUBPF8CVMk/TERVIdm7I=,YCcWrLp4XqYKLslSZFbpEHfjC6Q=
43,5,yfglKDIy6lr04EPxN3qNcEJN9Uc=,8cyUJgR4ucu9qavxJyd2cVHP+jQ=
38,9,DOjvfdbWUBPF8CVMk/TERVIdm7I=,YCcWrLp4XqYKLslSZFbpEHfjC6Q=
42,10,DOjvfdbWUBPF8CVMk/TERVIdm7I=,tebCeihmNFBupeXJOC0+pJE6EYk=
37,8,DOjvfdbWUBPF8CVMk/TERVIdm7I=,YCcWrLp4XqYKLslSZFbpEHfjC6Q=
39,11,DOjvfdbWUBPF8CVMk/TERVIdm7I=,YCcWrLp4XqYKLslSZFbpEHfjC6Q=
47,7,yfglKDIy6lr04EPxN3qNcEJN9Uc=,8cyUJgR4ucu9qavxJyd2cVHP+jQ=
47,8,DOjvfdbWUBPF8CVMk/TERVIdm7I=,tebCeihmNFBupeXJOC0+pJE6EYk=
37,9,DOjvfdbWUBPF8CVMk/TERVIdm7I=,YCcWrLp4XqYKLslSZFbpEHfjC6Q=
45,10,DOjvfdbWUBPF8CVMk/TERVIdm7I=,tebCeihmNFBupeXJOC0+pJE6EYk=
44,10,DOjvfdbWUBPF8CVMk/TERVIdm7I=,tebCeihmNFBupeXJOC0+pJE6EYk=
46,10,DOjvfdbWUBPF8CVMk/TERVIdm7I=,tebCeihmNFBupeXJOC0+pJE6EYk=
44,11,DOjvfdbWUBPF8CVMk/TERVIdm7I=,tebCeihmNFBupeXJOC0+pJE6EYk=
45,11,DOjvfdbWUBPF8CVMk/TERVIdm7I=,tebCeihmNFBupeXJOC0+pJE6EYk=
46,11,DOjvfdbWUBPF8CVMk/TERVIdm7I=,tebCeihmNFBupeXJOC0+pJE6EYk=
46,9,DOjvfdbWUBPF8CVMk/TERVIdm7I=,tebCeihmNFBupeXJOC0+pJE6EYk=
45,9,DOjvfdbWUBPF8CVMk/TERVIdm7I=,tebCeihmNFBupeXJOC0+pJE6EYk=
46,8,DOjvfdbWUBPF8CVMk/TERVIdm7I=,tebCeihmNFBupeXJOC0+pJE6EYk=
44,9,DOjvfdbWUBPF8CVMk/TERVIdm7I=,tebCeihmNFBupeXJOC0+pJE6EYk=
47,6,yfglKDIy6lr04EPxN3qNcEJN9Uc=,8cyUJgR4ucu9qavxJyd2cVHP+jQ=
44,8,DOjvfdbWUBPF8CVMk/TERVIdm7I=,tebCeihmNFBupeXJOC0+pJE6EYk=
47,11,DOjvfdbWUBPF8CVMk/TERVIdm7I=,tebCeihmNFBupeXJOC0+pJE6EYk=
44,4,yfglKDIy6lr04EPxN3qNcEJN9Uc=,8cyUJgR4ucu9qavxJyd2cVHP+jQ=
45,8,DOjvfdbWUBPF8CVMk/TERVIdm7I=,tebCeihmNFBupeXJOC0+pJE6EYk=
45,4,yfglKDIy6lr04EPxN3qNcEJN9Uc=,8cyUJgR4ucu9qavxJyd2cVHP+jQ=
46,4,yfglKDIy6lr04EPxN3qNcEJN9Uc=,8cyUJgR4ucu9qavxJyd2cVHP+jQ=
45,6,yfglKDIy6lr04EPxN3qNcEJN9Uc=,8cyUJgR4ucu9qavxJyd2cVHP+jQ=
46,6,yfglKDIy6lr04EPxN3qNcEJN9Uc=,8cyUJgR4ucu9qavxJyd2cVHP+jQ=
44,7,DOjvfdbWUBPF8CVMk/TERVIdm7I=,8cyUJgR4ucu9qavxJyd2cVHP+jQ=
45,7,yfglKDIy6lr04EPxN3qNcEJN9Uc=,8cyUJgR4ucu9qavxJyd2cVHP+jQ=
46,7,yfglKDIy6lr04EPxN3qNcEJN9Uc=,8cyUJgR4ucu9qavxJyd2cVHP+jQ=
46,5,yfglKDIy6lr04EPxN3qNcEJN9Uc=,8cyUJgR4ucu9qavxJyd2cVHP+jQ=
45,5,yfglKDIy6lr04EPxN3qNcEJN9Uc=,8cyUJgR4ucu9qavxJyd2cVHP+jQ=
44,5,yfglKDIy6lr04EPxN3qNcEJN9Uc=,8cyUJgR4ucu9qavxJyd2cVHP+jQ=
47,10,DOjvfdbWUBPF8CVMk/TERVIdm7I=,tebCeihmNFBupeXJOC0+pJE6EYk=
47,4,DOjvfdbWUBPF8CVMk/TERVIdm7I=,8cyUJgR4ucu9qavxJyd2cVHP+jQ=
44,6,yfglKDIy6lr04EPxN3qNcEJN9Uc=,8cyUJgR4ucu9qavxJyd2cVHP+jQ=
47,5,DOjvfdbWUBPF8CVMk/TERVIdm7I=,8cyUJgR4ucu9qavxJyd2cVHP+jQ=
47,9,DOjvfdbWUBPF8CVMk/TERVIdm7I=,tebCeihmNFBupeXJOC0+pJE6EYk=
39,0,DOjvfdbWUBPF8CVMk/TERVIdm7I=,Sx7N+czdHyDlSYGHF10XzVKM1+0=
40,0,DOjvfdbWUBPF8CVMk/TERVIdm7I=,8cyUJgR4ucu9qavxJyd2cVHP+jQ=
38,1,DOjvfdbWUBPF8CVMk/TERVIdm7I=,Sx7N+czdHyDlSYGHF10XzVKM1+0=
38,0,DOjvfdbWUBPF8CVMk/TERVIdm7I=,Sx7N+czdHyDlSYGHF10XzVKM1+0=
37,0,DOjvfdbWUBPF8CVMk/TERVIdm7I=,Sx7N+czdHyDlSYGHF10XzVKM1+0=
37,3,DOjvfdbWUBPF8CVMk/TERVIdm7I=,Sx7N+czdHyDlSYGHF10XzVKM1+0=
36,3,DOjvfdbWUBPF8CVMk/TERVIdm7I=,Sx7N+czdHyDlSYGHF10XzVKM1+0=
38,2,DOjvfdbWUBPF8CVMk/TERVIdm7I=,Sx7N+czdHyDlSYGHF10XzVKM1+0=
40,1,DOjvfdbWUBPF8CVMk/TERVIdm7I=,8cyUJgR4ucu9qavxJyd2cVHP+jQ=
36,2,DOjvfdbWUBPF8CVMk/TERVIdm7I=,Sx7N+czdHyDlSYGHF10XzVKM1+0=
41,1,DOjvfdbWUBPF8CVMk/TERVIdm7I=,8cyUJgR4ucu9qavxJyd2cVHP+jQ=
42,1,DOjvfdbWUBPF8CVMk/TERVIdm7I=,8cyUJgR4ucu9qavxJyd2cVHP+jQ=
43,2,DOjvfdbWUBPF8CVMk/TERVIdm7I=,8cyUJgR4ucu9qavxJyd2cVHP+jQ=
37,2,DOjvfdbWUBPF8CVMk/TERVIdm7I=,Sx7N+czdHyDlSYGHF10XzVKM1+0=
42,2,DOjvfdbWUBPF8CVMk/TERVIdm7I=,8cyUJgR4ucu9qavxJyd2cVHP+jQ=
41,2,DOjvfdbWUBPF8CVMk/TERVIdm7I=,8cyUJgR4ucu9qavxJyd2cVHP+jQ=
43,1,DOjvfdbWUBPF8CVMk/TERVIdm7I=,8cyUJgR4ucu9qavxJyd2cVHP+jQ=
40,3,DOjvfdbWUBPF8CVMk/TERVIdm7I=,8cyUJgR4ucu9qavxJyd2cVHP+jQ=
38,3,DOjvfdbWUBPF8CVMk/TERVIdm7I=,Sx7N+czdHyDlSYGHF10XzVKM1+0=
37,1,DOjvfdbWUBPF8CVMk/TERVIdm7I=,Sx7N+czdHyDlSYGHF10XzVKM1+0=
41,3,DOjvfdbWUBPF8CVMk/TERVIdm7I=,8cyUJgR4ucu9qavxJyd2cVHP+jQ=
39,1,DOjvfdbWUBPF8CVMk/TERVIdm7I=,Sx7N+czdHyDlSYGHF10XzVKM1+0=
43,3,DOjvfdbWUBPF8CVMk/TERVIdm7I=,8cyUJgR4ucu9qavxJyd2cVHP+jQ=
40,2,DOjvfdbWUBPF8CVMk/TERVIdm7I=,8cyUJgR4ucu9qavxJyd2cVHP+jQ=
39,2,DOjvfdbWUBPF8CVMk/TERVIdm7I=,Sx7N+czdHyDlSYGHF10XzVKM1+0=
42,3,DOjvfdbWUBPF8CVMk/TERVIdm7I=,8cyUJgR4ucu9qavxJyd2cVHP+jQ=
36,0,DOjvfdbWUBPF8CVMk/TERVIdm7I=,Sx7N+czdHyDlSYGHF10XzVKM1+0=
42,0,DOjvfdbWUBPF8CVMk/TERVIdm7I=,8cyUJgR4ucu9qavxJyd2cVHP+jQ=
41,0,DOjvfdbWUBPF8CVMk/TERVIdm7I=,8cyUJgR4ucu9qavxJyd2cVHP+jQ=
39,3,DOjvfdbWUBPF8CVMk/TERVIdm7I=,Sx7N+czdHyDlSYGHF10XzVKM1+0=
43,0,DOjvfdbWUBPF8CVMk/TERVIdm7I=,8cyUJgR4ucu9qavxJyd2cVHP+jQ=
36,1,DOjvfdbWUBPF8CVMk/TERVIdm7I=,Sx7N+czdHyDlSYGHF10XzVKM1+0=
38,13,DOjvfdbWUBPF8CVMk/TERVIdm7I=,YCcWrLp4XqYKLslSZFbpEHfjC6Q=
38,12,DOjvfdbWUBPF8CVMk/TERVIdm7I=,YCcWrLp4XqYKLslSZFbpEHfjC6Q=
37,12,DOjvfdbWUBPF8CVMk/TERVIdm7I=,YCcWrLp4XqYKLslSZFbpEHfjC6Q=
37,14,DOjvfdbWUBPF8CVMk/TERVIdm7I=,YCcWrLp4XqYKLslSZFbpEHfjC6Q=
36,13,DOjvfdbWUBPF8CVMk/TERVIdm7I=,YCcWrLp4XqYKLslSZFbpEHfjC6Q=
38,14,DOjvfdbWUBPF8CVMk/TERVIdm7I=,YCcWrLp4XqYKLslSZFbpEHfjC6Q=
37,13,DOjvfdbWUBPF8CVMk/TERVIdm7I=,YCcWrLp4XqYKLslSZFbpEHfjC6Q=
36,12,DOjvfdbWUBPF8CVMk/TERVIdm7I=,YCcWrLp4XqYKLslSZFbpEHfjC6Q=
36,15,DOjvfdbWUBPF8CVMk/TERVIdm7I=,YCcWrLp4XqYKLslSZFbpEHfjC6Q=
42,12,DOjvfdbWUBPF8CVMk/TERVIdm7I=,tebCeihmNFBupeXJOC0+pJE6EYk=
36,14,DOjvfdbWUBPF8CVMk/TERVIdm7I=,YCcWrLp4XqYKLslSZFbpEHfjC6Q=
43,12,DOjvfdbWUBPF8CVMk/TERVIdm7I=,tebCeihmNFBupeXJOC0+pJE6EYk=
43,13,DOjvfdbWUBPF8CVMk/TERVIdm7I=,tebCeihmNFBupeXJOC0+pJE6EYk=
43,14,DOjvfdbWUBPF8CVMk/TERVIdm7I=,tebCeihmNFBupeXJOC0+pJE6EYk=
42,14,DOjvfdbWUBPF8CVMk/TERVIdm7I=,tebCeihmNFBupeXJOC0+pJE6EYk=
37,15,DOjvfdbWUBPF8CVMk/TERVIdm7I=,YCcWrLp4XqYKLslSZFbpEHfjC6Q=
41,14,DOjvfdbWUBPF8CVMk/TERVIdm7I=,tebCeihmNFBupeXJOC0+pJE6EYk=
42,15,DOjvfdbWUBPF8CVMk/TERVIdm7I=,tebCeihmNFBupeXJOC0+pJE6EYk=
40,13,DOjvfdbWUBPF8CVMk/TERVIdm7I=,tebCeihmNFBupeXJOC0+pJE6EYk=
42,13,DOjvfdbWUBPF8CVMk/TERVIdm7I=,tebCeihmNFBupeXJOC0+pJE6EYk=
38,15,DOjvfdbWUBPF8CVMk/TERVIdm7I=,YCcWrLp4XqYKLslSZFbpEHfjC6Q=
43,15,DOjvfdbWUBPF8CVMk/TERVIdm7I=,tebCeihmNFBupeXJOC0+pJE6EYk=
41,15,DOjvfdbWUBPF8CVMk/TERVIdm7I=,tebCeihmNFBupeXJOC0+pJE6EYk=
41,13,DOjvfdbWUBPF8CVMk/TERVIdm7I=,tebCeihmNFBupeXJOC0+pJE6EYk=
40,14,DOjvfdbWUBPF8CVMk/TERVIdm7I=,tebCeihmNFBupeXJOC0+pJE6EYk=
40,12,DOjvfdbWUBPF8CVMk/TERVIdm7I=,tebCeihmNFBupeXJOC0+pJE6EYk=
39,13,DOjvfdbWUBPF8CVMk/TERVIdm7I=,YCcWrLp4XqYKLslSZFbpEHfjC6Q=
39,15,DOjvfdbWUBPF8CVMk/TERVIdm7I=,YCcWrLp4XqYKLslSZFbpEHfjC6Q=
39,14,DOjvfdbWUBPF8CVMk/TERVIdm7I=,YCcWrLp4XqYKLslSZFbpEHfjC6Q=
40,15,DOjvfdbWUBPF8CVMk/TERVIdm7I=,tebCeihmNFBupeXJOC0+pJE6EYk=
39,12,DOjvfdbWUBPF8CVMk/TERVIdm7I=,YCcWrLp4XqYKLslSZFbpEHfjC6Q=
41,12,DOjvfdbWUBPF8CVMk/TERVIdm7I=,tebCeihmNFBupeXJOC0+pJE6EYk=
33,1,DOjvfdbWUBPF8CVMk/TERVIdm7I=,Sx7N+czdHyDlSYGHF10XzVKM1+0=
32,0,DOjvfdbWUBPF8CVMk/TERVIdm7I=,Sx7N+czdHyDlSYGHF10XzVKM1+0=
32,3,DOjvfdbWUBPF8CVMk/TERVIdm7I=,Sx7N+czdHyDlSYGHF10XzVKM1+0=
34,3,DOjvfdbWUBPF8CVMk/TERVIdm7I=,Sx7N+czdHyDlSYGHF10XzVKM1+0=
33,0,DOjvfdbWUBPF8CVMk/TERVIdm7I=,Sx7N+czdHyDlSYGHF10XzVKM1+0=
32,1,DOjvfdbWUBPF8CVMk/TERVIdm7I=,Sx7N+czdHyDlSYGHF10XzVKM1+0=
32,2,DOjvfdbWUBPF8CVMk/TERVIdm7I=,Sx7N+czdHyDlSYGHF10XzVKM1+0=
34,2,DOjvfdbWUBPF8CVMk/TERVIdm7I=,Sx7N+czdHyDlSYGHF10XzVKM1+0=
35,0,DOjvfdbWUBPF8CVMk/TERVIdm7I=,Sx7N+czdHyDlSYGHF10XzVKM1+0=
35,3,DOjvfdbWUBPF8CVMk/TERVIdm7I=,Sx7N+czdHyDlSYGHF10XzVKM1+0=
33,2,DOjvfdbWUBPF8CVMk/TERVIdm7I=,Sx7N+czdHyDlSYGHF10XzVKM1+0=
33,3,DOjvfdbWUBPF8CVMk/TERVIdm7I=,Sx7N+czdHyDlSYGHF10XzVKM1+0=
34,0,DOjvfdbWUBPF8CVMk/TERVIdm7I=,Sx7N+czdHyDlSYGHF10XzVKM1+0=
35,1,DOjvfdbWUBPF8CVMk/TERVIdm7I=,Sx7N+czdHyDlSYGHF10XzVKM1+0=
35,2,DOjvfdbWUBPF8CVMk/TERVIdm7I=,Sx7N+czdHyDlSYGHF10XzVKM1+0=
34,1,DOjvfdbWUBPF8CVMk/TERVIdm7I=,Sx7N+czdHyDlSYGHF10XzVKM1+0=
47,3,DOjvfdbWUBPF8CVMk/TERVIdm7I=,8cyUJgR4ucu9qavxJyd2cVHP+jQ=
44,2,DOjvfdbWUBPF8CVMk/TERVIdm7I=,8cyUJgR4ucu9qavxJyd2cVHP+jQ=
45,3,DOjvfdbWUBPF8CVMk/TERVIdm7I=,8cyUJgR4ucu9qavxJyd2cVHP+jQ=
46,1,DOjvfdbWUBPF8CVMk/TERVIdm7I=,8cyUJgR4ucu9qavxJyd2cVHP+jQ=
46,2,DOjvfdbWUBPF8CVMk/TERVIdm7I=,8cyUJgR4ucu9qavxJyd2cVHP+jQ=
47,0,DOjvfdbWUBPF8CVMk/TERVIdm7I=,8cyUJgR4ucu9qavxJyd2cVHP+jQ=
45,1,DOjvfdbWUBPF8CVMk/TERVIdm7I=,8cyUJgR4ucu9qavxJyd2cVHP+jQ=
46,3,DOjvfdbWUBPF8CVMk/TERVIdm7I=,8cyUJgR4ucu9qavxJyd2cVHP+jQ=
45,2,DOjvfdbWUBPF8CVMk/TERVIdm7I=,8cyUJgR4ucu9qavxJyd2cVHP+jQ=
46,0,DOjvfdbWUBPF8CVMk/TERVIdm7I=,8cyUJgR4ucu9qavxJyd2cVHP+jQ=
44,0,DOjvfdbWUBPF8CVMk/TERVIdm7I=,8cyUJgR4ucu9qavxJyd2cVHP+jQ=
44,3,DOjvfdbWUBPF8CVMk/TERVIdm7I=,8cyUJgR4ucu9qavxJyd2cVHP+jQ=
45,0,DOjvfdbWUBPF8CVMk/TERVIdm7I=,8cyUJgR4ucu9qavxJyd2cVHP+jQ=
44,1,DOjvfdbWUBPF8CVMk/TERVIdm7I=,8cyUJgR4ucu9qavxJyd2cVHP+jQ=
47,2,DOjvfdbWUBPF8CVMk/TERVIdm7I=,8cyUJgR4ucu9qavxJyd2cVHP+jQ=
32,7,DOjvfdbWUBPF8CVMk/TERVIdm7I=,Sx7N+czdHyDlSYGHF10XzVKM1+0=
32,6,DOjvfdbWUBPF8CVMk/TERVIdm7I=,Sx7N+czdHyDlSYGHF10XzVKM1+0=
34,5,DOjvfdbWUBPF8CVMk/TERVIdm7I=,Sx7N+czdHyDlSYGHF10XzVKM1+0=
33,6,DOjvfdbWUBPF8CVMk/TERVIdm7I=,Sx7N+czdHyDlSYGHF10XzVKM1+0=
35,5,DOjvfdbWUBPF8CVMk/TERVIdm7I=,Sx7N+czdHyDlSYGHF10XzVKM1+0=
33,4,DOjvfdbWUBPF8CVMk/TERVIdm7I=,Sx7N+czdHyDlSYGHF10XzVKM1+0=
35,4,DOjvfdbWUBPF8CVMk/TERVIdm7I=,Sx7N+czdHyDlSYGHF10XzVKM1+0=
33,5,DOjvfdbWUBPF8CVMk/TERVIdm7I=,Sx7N+czdHyDlSYGHF10XzVKM1+0=
34,4,DOjvfdbWUBPF8CVMk/TERVIdm7I=,Sx7N+czdHyDlSYGHF10XzVKM1+0=
34,6,DOjvfdbWUBPF8CVMk/TERVIdm7I=,Sx7N+czdHyDlSYGHF10XzVKM1+0=
33,7,DOjvfdbWUBPF8CVMk/TERVIdm7I=,Sx7N+czdHyDlSYGHF10XzVKM1+0=
35,6,DOjvfdbWUBPF8CVMk/TERVIdm7I=,Sx7N+czdHyDlSYGHF10XzVKM1+0=
34,7,DOjvfdbWUBPF8CVMk/TERVIdm7I=,Sx7N+czdHyDlSYGHF10XzVKM1+0=
33,10,DOjvfdbWUBPF8CVMk/TERVIdm7I=,YCcWrLp4XqYKLslSZFbpEHfjC6Q=
32,4,DOjvfdbWUBPF8CVMk/TERVIdm7I=,Sx7N+czdHyDlSYGHF10XzVKM1+0=
35,7,DOjvfdbWUBPF8CVMk/TERVIdm7I=,Sx7N+czdHyDlSYGHF10XzVKM1+0=
34,11,DOjvfdbWUBPF8CVMk/TERVIdm7I=,YCcWrLp4XqYKLslSZFbpEHfjC6Q=
35,11,DOjvfdbWUBPF8CVMk/TERVIdm7I=,YCcWrLp4XqYKLslSZFbpEHfjC6Q=
34,10,DOjvfdbWUBPF8CVMk/TERVIdm7I=,YCcWrLp4XqYKLslSZFbpEHfjC6Q=
35,10,DOjvfdbWUBPF8CVMk/TERVIdm7I=,YCcWrLp4XqYKLslSZFbpEHfjC6Q=
33,8,DOjvfdbWUBPF8CVMk/TERVIdm7I=,YCcWrLp4XqYKLslSZFbpEHfjC6Q=
33,11,DOjvfdbWUBPF8CVMk/TERVIdm7I=,YCcWrLp4XqYKLslSZFbpEHfjC6Q=
34,8,DOjvfdbWUBPF8CVMk/TERVIdm7I=,YCcWrLp4XqYKLslSZFbpEHfjC6Q=
35,8,DOjvfdbWUBPF8CVMk/TERVIdm7I=,YCcWrLp4XqYKLslSZFbpEHfjC6Q=
35,13,DOjvfdbWUBPF8CVMk/TERVIdm7I=,YCcWrLp4XqYKLslSZFbpEHfjC6Q=
35,9,DOjvfdbWUBPF8CVMk/TERVIdm7I=,YCcWrLp4XqYKLslSZFbpEHfjC6Q=
34,9,DOjvfdbWUBPF8CVMk/TERVIdm7I=,YCcWrLp4XqYKLslSZFbpEHfjC6Q=
35,15,DOjvfdbWUBPF8CVMk/TERVIdm7I=,YCcWrLp4XqYKLslSZFbpEHfjC6Q=
32,8,DOjvfdbWUBPF8CVMk/TERVIdm7I=,YCcWrLp4XqYKLslSZFbpEHfjC6Q=
34,14,DOjvfdbWUBPF8CVMk/TERVIdm7I=,YCcWrLp4XqYKLslSZFbpEHfjC6Q=
32,5,DOjvfdbWUBPF8CVMk/TERVIdm7I=,Sx7N+czdHyDlSYGHF10XzVKM1+0=
32,9,DOjvfdbWUBPF8CVMk/TERVIdm7I=,YCcWrLp4XqYKLslSZFbpEHfjC6Q=
34,13,DOjvfdbWUBPF8CVMk/TERVIdm7I=,YCcWrLp4XqYKLslSZFbpEHfjC6Q=
33,9,DOjvfdbWUBPF8CVMk/TERVIdm7I=,YCcWrLp4XqYKLslSZFbpEHfjC6Q=
47,1,DOjvfdbWUBPF8CVMk/TERVIdm7I=,8cyUJgR4ucu9qavxJyd2cVHP+jQ=
32,12,DOjvfdbWUBPF8CVMk/TERVIdm7I=,YCcWrLp4XqYKLslSZFbpEHfjC6Q=
35,12,DOjvfdbWUBPF8CVMk/TERVIdm7I=,YCcWrLp4XqYKLslSZFbpEHfjC6Q=
34,12,DOjvfdbWUBPF8CVMk/TERVIdm7I=,YCcWrLp4XqYKLslSZFbpEHfjC6Q=
35,14,DOjvfdbWUBPF8CVMk/TERVIdm7I=,YCcWrLp4XqYKLslSZFbpEHfjC6Q=
33,14,DOjvfdbWUBPF8CVMk/TERVIdm7I=,YCcWrLp4XqYKLslSZFbpEHfjC6Q=
33,13,DOjvfdbWUBPF8CVMk/TERVIdm7I=,YCcWrLp4XqYKLslSZFbpEHfjC6Q=
33,12,DOjvfdbWUBPF8CVMk/TERVIdm7I=,YCcWrLp4XqYKLslSZFbpEHfjC6Q=
32,11,DOjvfdbWUBPF8CVMk/TERVIdm7I=,YCcWrLp4XqYKLslSZFbpEHfjC6Q=
32,10,DOjvfdbWUBPF8CVMk/TERVIdm7I=,YCcWrLp4XqYKLslSZFbpEHfjC6Q=
32,14,DOjvfdbWUBPF8CVMk/TERVIdm7I=,YCcWrLp4XqYKLslSZFbpEHfjC6Q=
32,13,DOjvfdbWUBPF8CVMk/TERVIdm7I=,YCcWrLp4XqYKLslSZFbpEHfjC6Q=
32,15,DOjvfdbWUBPF8CVMk/TERVIdm7I=,YCcWrLp4XqYKLslSZFbpEHfjC6Q=
33,15,DOjvfdbWUBPF8CVMk/TERVIdm7I=,YCcWrLp4XqYKLslSZFbpEHfjC6Q=
47,14,DOjvfdbWUBPF8CVMk/TERVIdm7I=,tebCeihmNFBupeXJOC0+pJE6EYk=
46,13,DOjvfdbWUBPF8CVMk/TERVIdm7I=,tebCeihmNFBupeXJOC0+pJE6EYk=
44,14,DOjvfdbWUBPF8CVMk/TERVIdm7I=,tebCeihmNFBupeXJOC0+pJE6EYk=
47,15,DOjvfdbWUBPF8CVMk/TERVIdm7I=,tebCeihmNFBupeXJOC0+pJE6EYk=
46,12,DOjvfdbWUBPF8CVMk/TERVIdm7I=,tebCeihmNFBupeXJOC0+pJE6EYk=
46,15,DOjvfdbWUBPF8CVMk/TERVIdm7I=,tebCeihmNFBupeXJOC0+pJE6EYk=
44,15,DOjvfdbWUBPF8CVMk/TERVIdm7I=,tebCeihmNFBupeXJOC0+pJE6EYk=
45,14,DOjvfdbWUBPF8CVMk/TERVIdm7I=,tebCeihmNFBupeXJOC0+pJE6EYk=
46,14,DOjvfdbWUBPF8CVMk/TERVIdm7I=,tebCeihmNFBupeXJOC0+pJE6EYk=
47,13,DOjvfdbWUBPF8CVMk/TERVIdm7I=,tebCeihmNFBupeXJOC0+pJE6EYk=
45,15,DOjvfdbWUBPF8CVMk/TERVIdm7I=,tebCeihmNFBupeXJOC0+pJE6EYk=
47,12,DOjvfdbWUBPF8CVMk/TERVIdm7I=,tebCeihmNFBupeXJOC0+pJE6EYk=
44,13,DOjvfdbWUBPF8CVMk/TERVIdm7I=,tebCeihmNFBupeXJOC0+pJE6EYk=
45,12,DOjvfdbWUBPF8CVMk/TERVIdm7I=,tebCeihmNFBupeXJOC0+pJE6EYk=
44,12,DOjvfdbWUBPF8CVMk/TERVIdm7I=,tebCeihmNFBupeXJOC0+pJE6EYk=
45,13,DOjvfdbWUBPF8CVMk/TERVIdm7I=,tebCeihmNFBupeXJOC0+pJE6EYk=
34,15,DOjvfdbWUBPF8CVMk/TERVIdm7I=,YCcWrLp4XqYKLslSZFbpEHfjC6Q=
34,18,BNLCVp6VtGa2dLgqpPLhZsEUj7s=,xxs3iLzvrEPODjxDJl0xbnJcFOs=
34,19,BNLCVp6VtGa2dLgqpPLhZsEUj7s=,xxs3iLzvrEPODjxDJl0xbnJcFOs=
33,19,BNLCVp6VtGa2dLgqpPLhZsEUj7s=,xxs3iLzvrEPODjxDJl0xbnJcFOs=
35,19,BNLCVp6VtGa2dLgqpPLhZsEUj7s=,xxs3iLzvrEPODjxDJl0xbnJcFOs=
33,18,BNLCVp6VtGa2dLgqpPLhZsEUj7s=,xxs3iLzvrEPODjxDJl0xbnJcFOs=
33,20,BNLCVp6VtGa2dLgqpPLhZsEUj7s=,xxs3iLzvrEPODjxDJl0xbnJcFOs=
34,20,BNLCVp6VtGa2dLgqpPLhZsEUj7s=,xxs3iLzvrEPODjxDJl0xbnJcFOs=
41,19,BNLCVp6VtGa2dLgqpPLhZsEUj7s=,LD8NpB/RAhp+Wz9NKbU3hMXZPd4=
38,24,BNLCVp6VtGa2dLgqpPLhZsEUj7s=,8SbvUn48HLL9m/mGRaJgBkB+ICY=
38,26,BNLCVp6VtGa2dLgqpPLhZsEUj7s=,8SbvUn48HLL9m/mGRaJgBkB+ICY=
37,27,BNLCVp6VtGa2dLgqpPLhZsEUj7s=,8SbvUn48HLL9m/mGRaJgBkB+ICY=
38,27,BNLCVp6VtGa2dLgqpPLhZsEUj7s=,8SbvUn48HLL9m/mGRaJgBkB+ICY=
37,28,BNLCVp6VtGa2dLgqpPLhZsEUj7s=,8SbvUn48HLL9m/mGRaJgBkB+ICY=
38,28,BNLCVp6VtGa2dLgqpPLhZsEUj7s=,8SbvUn48HLL9m/mGRaJgBkB+ICY=
36,29,BNLCVp6VtGa2dLgqpPLhZsEUj7s=,8SbvUn48HLL9m/mGRaJgBkB+ICY=
37,29,4ezEuTclvmtcD9Vyc1nKxfkwBrw=,8SbvUn48HLL9m/mGRaJgBkB+ICY=
38,29,BNLCVp6VtGa2dLgqpPLhZsEUj7s=,8SbvUn48HLL9m/mGRaJgBkB+ICY=
38,25,BNLCVp6VtGa2dLgqpPLhZsEUj7s=,8SbvUn48HLL9m/mGRaJgBkB+ICY=
36,30,BNLCVp6VtGa2dLgqpPLhZsEUj7s=,8SbvUn48HLL9m/mGRaJgBkB+ICY=
37,30,BNLCVp6VtGa2dLgqpPLhZsEUj7s=,8SbvUn48HLL9m/mGRaJgBkB+ICY=
38,30,4ezEuTclvmtcD9Vyc1nKxfkwBrw=,8SbvUn48HLL9m/mGRaJgBkB+ICY=
33,25,BNLCVp6VtGa2dLgqpPLhZsEUj7s=,8SbvUn48HLL9m/mGRaJgBkB+ICY=
44,26,BNLCVp6VtGa2dLgqpPLhZsEUj7s=,CKxB3JAIn0ctBqqFbtBURUo98fM=
41,23,BNLCVp6VtGa2dLgqpPLhZsEUj7s=,LD8NpB/RAhp+Wz9NKbU3hMXZPd4=
43,26,BNLCVp6VtGa2dLgqpPLhZsEUj7s=,CKxB3JAIn0ctBqqFbtBURUo98fM=
42,26,BNLCVp6VtGa2dLgqpPLhZsEUj7s=,CKxB3JAIn0ctBqqFbtBURUo98fM=
41,26,BNLCVp6VtGa2dLgqpPLhZsEUj7s=,CKxB3JAIn0ctBqqFbtBURUo98fM=
40,26,BNLCVp6VtGa2dLgqpPLhZsEUj7s=,CKxB3JAIn0ctBqqFbtBURUo98fM=
39,24,BNLCVp6VtGa2dLgqpPLhZsEUj7s=,8SbvUn48HLL9m/mGRaJgBkB+ICY=
39,25,BNLCVp6VtGa2dLgqpPLhZsEUj7s=,8SbvUn48HLL9m/mGRaJgBkB+ICY=
46,25,BNLCVp6VtGa2dLgqpPLhZsEUj7s=,CKxB3JAIn0ctBqqFbtBURUo98fM=
45,25,BNLCVp6VtGa2dLgqpPLhZsEUj7s=,CKxB3JAIn0ctBqqFbtBURUo98fM=
44,25,BNLCVp6VtGa2dLgqpPLhZsEUj7s=,CKxB3JAIn0ctBqqFbtBURUo98fM=
43,25,BNLCVp6VtGa2dLgqpPLhZsEUj7s=,CKxB3JAIn0ctBqqFbtBURUo98fM=
42,25,BNLCVp6VtGa2dLgqpPLhZsEUj7s=,CKxB3JAIn0ctBqqFbtBURUo98fM=
41,25,BNLCVp6VtGa2dLgqpPLhZsEUj7s=,CKxB3JAIn0ctBqqFbtBURUo98fM=
46,24,BNLCVp6VtGa2dLgqpPLhZsEUj7s=,CKxB3JAIn0ctBqqFbtBURUo98fM=
45,24,BNLCVp6VtGa2dLgqpPLhZsEUj7s=,CKxB3JAIn0ctBqqFbtBURUo98fM=
40,25,BNLCVp6VtGa2dLgqpPLhZsEUj7s=,CKxB3JAIn0ctBqqFbtBURUo98fM=
44,24,BNLCVp6VtGa2dLgqpPLhZsEUj7s=,CKxB3JAIn0ctBqqFbtBURUo98fM=
43,24,BNLCVp6VtGa2dLgqpPLhZsEUj7s=,CKxB3JAIn0ctBqqFbtBURUo98fM=
42,24,BNLCVp6VtGa2dLgqpPLhZsEUj7s=,CKxB3JAIn0ctBqqFbtBURUo98fM=
41,24,BNLCVp6VtGa2dLgqpPLhZsEUj7s=,CKxB3JAIn0ctBqqFbtBURUo98fM=
40,24,BNLCVp6VtGa2dLgqpPLhZsEUj7s=,CKxB3JAIn0ctBqqFbtBURUo98fM=
46,30,BNLCVp6VtGa2dLgqpPLhZsEUj7s=,CKxB3JAIn0ctBqqFbtBURUo98fM=
45,30,BNLCVp6VtGa2dLgqpPLhZsEUj7s=,CKxB3JAIn0ctBqqFbtBURUo98fM=
43,30,BNLCVp6VtGa2dLgqpPLhZsEUj7s=,CKxB3JAIn0ctBqqFbtBURUo98fM=
42,30,BNLCVp6VtGa2dLgqpPLhZsEUj7s=,CKxB3JAIn0ctBqqFbtBURUo98fM=
44,30,BNLCVp6VtGa2dLgqpPLhZsEUj7s=,CKxB3JAIn0ctBqqFbtBURUo98fM=
41,30,BNLCVp6VtGa2dLgqpPLhZsEUj7s=,CKxB3JAIn0ctBqqFbtBURUo98fM=
46,29,4ezEuTclvmtcD9Vyc1nKxfkwBrw=,CKxB3JAIn0ctBqqFbtBURUo98fM=
40,30,BNLCVp6VtGa2dLgqpPLhZsEUj7s=,CKxB3JAIn0ctBqqFbtBURUo98fM=
39,30,BNLCVp6VtGa2dLgqpPLhZsEUj7s=,8SbvUn48HLL9m/mGRaJgBkB+ICY=
45,29,BNLCVp6VtGa2dLgqpPLhZsEUj7s=,CKxB3JAIn0ctBqqFbtBURUo98fM=
44,29,BNLCVp6VtGa2dLgqpPLhZsEUj7s=,CKxB3JAIn0ctBqqFbtBURUo98fM=
43,29,BNLCVp6VtGa2dLgqpPLhZsEUj7s=,CKxB3JAIn0ctBqqFbtBURUo98fM=
42,29,BNLCVp6VtGa2dLgqpPLhZsEUj7s=,CKxB3JAIn0ctBqqFbtBURUo98fM=
39,29,BNLCVp6VtGa2dLgqpPLhZsEUj7s=,8SbvUn48HLL9m/mGRaJgBkB+ICY=
41,29,BNLCVp6VtGa2dLgqpPLhZsEUj7s=,CKxB3JAIn0ctBqqFbtBURUo98fM=
40,29,BNLCVp6VtGa2dLgqpPLhZsEUj7s=,CKxB3JAIn0ctBqqFbtBURUo98fM=
46,28,BNLCVp6VtGa2dLgqpPLhZsEUj7s=,CKxB3JAIn0ctBqqFbtBURUo98fM=
45,28,BNLCVp6VtGa2dLgqpPLhZsEUj7s=,CKxB3JAIn0ctBqqFbtBURUo98fM=
37,21,BNLCVp6VtGa2dLgqpPLhZsEUj7s=,xxs3iLzvrEPODjxDJl0xbnJcFOs=
38,21,BNLCVp6VtGa2dLgqpPLhZsEUj7s=,xxs3iLzvrEPODjxDJl0xbnJcFOs=
44,28,BNLCVp6VtGa2dLgqpPLhZsEUj7s=,CKxB3JAIn0ctBqqFbtBURUo98fM=
39,28,BNLCVp6VtGa2dLgqpPLhZsEUj7s=,8SbvUn48HLL9m/mGRaJgBkB+ICY=
43,28,BNLCVp6VtGa2dLgqpPLhZsEUj7s=,CKxB3JAIn0ctBqqFbtBURUo98fM=
36,21,BNLCVp6VtGa2dLgqpPLhZsEUj7s=,xxs3iLzvrEPODjxDJl0xbnJcFOs=
40,20,BNLCVp6VtGa2dLgqpPLhZsEUj7s=,LD8NpB/RAhp+Wz9NKbU3hMXZPd4=
41,20,BNLCVp6VtGa2dLgqpPLhZsEUj7s=,LD8NpB/RAhp+Wz9NKbU3hMXZPd4=
39,20,BNLCVp6VtGa2dLgqpPLhZsEUj7s=,xxs3iLzvrEPODjxDJl0xbnJcFOs=
36,22,BNLCVp6VtGa2dLgqpPLhZsEUj7s=,xxs3iLzvrEPODjxDJl0xbnJcFOs=
38,20,BNLCVp6VtGa2dLgqpPLhZsEUj7s=,xxs3iLzvrEPODjxDJl0xbnJcFOs=
36,20,BNLCVp6VtGa2dLgqpPLhZsEUj7s=,xxs3iLzvrEPODjxDJl0xbnJcFOs=
37,20,BNLCVp6VtGa2dLgqpPLhZsEUj7s=,xxs3iLzvrEPODjxDJl0xbnJcFOs=
38,22,BNLCVp6VtGa2dLgqpPLhZsEUj7s=,xxs3iLzvrEPODjxDJl0xbnJcFOs=
39,22,BNLCVp6VtGa2dLgqpPLhZsEUj7s=,xxs3iLzvrEPODjxDJl0xbnJcFOs=
37,22,BNLCVp6VtGa2dLgqpPLhZsEUj7s=,xxs3iLzvrEPODjxDJl0xbnJcFOs=
42,20,BNLCVp6VtGa2dLgqpPLhZsEUj7s=,LD8NpB/RAhp+Wz9NKbU3hMXZPd4=
39,23,BNLCVp6VtGa2dLgqpPLhZsEUj7s=,xxs3iLzvrEPODjxDJl0xbnJcFOs=
41,21,BNLCVp6VtGa2dLgqpPLhZsEUj7s=,LD8NpB/RAhp+Wz9NKbU3hMXZPd4=
40,22,BNLCVp6VtGa2dLgqpPLhZsEUj7s=,LD8NpB/RAhp+Wz9NKbU3hMXZPd4=
42,28,BNLCVp6VtGa2dLgqpPLhZsEUj7s=,CKxB3JAIn0ctBqqFbtBURUo98fM=
39,21,BNLCVp6VtGa2dLgqpPLhZsEUj7s=,xxs3iLzvrEPODjxDJl0xbnJcFOs=
41,28,BNLCVp6VtGa2dLgqpPLhZsEUj7s=,CKxB3JAIn0ctBqqFbtBURUo98fM=
37,26,BNLCVp6VtGa2dLgqpPLhZsEUj7s=,8SbvUn48HLL9m/mGRaJgBkB+ICY=
40,21,BNLCVp6VtGa2dLgqpPLhZsEUj7s=,LD8NpB/RAhp+Wz9NKbU3hMXZPd4=
36,26,BNLCVp6VtGa2dLgqpPLhZsEUj7s=,8SbvUn48HLL9m/mGRaJgBkB+ICY=
41,22,BNLCVp6VtGa2dLgqpPLhZsEUj7s=,LD8NpB/RAhp+Wz9NKbU3hMXZPd4=
39,27,BNLCVp6VtGa2dLgqpPLhZsEUj7s=,8SbvUn48HLL9m/mGRaJgBkB+ICY=
43,20,BNLCVp6VtGa2dLgqpPLhZsEUj7s=,LD8NpB/RAhp+Wz9NKbU3hMXZPd4=
40,28,BNLCVp6VtGa2dLgqpPLhZsEUj7s=,CKxB3JAIn0ctBqqFbtBURUo98fM=
46,27,BNLCVp6VtGa2dLgqpPLhZsEUj7s=,CKxB3JAIn0ctBqqFbtBURUo98fM=
45,27,BNLCVp6VtGa2dLgqpPLhZsEUj7s=,CKxB3JAIn0ctBqqFbtBURUo98fM=
40,23,BNLCVp6VtGa2dLgqpPLhZsEUj7s=,LD8NpB/RAhp+Wz9NKbU3hMXZPd4=
37,25,BNLCVp6VtGa2dLgqpPLhZsEUj7s=,8SbvUn48HLL9m/mGRaJgBkB+ICY=
42,21,BNLCVp6VtGa2dLgqpPLhZsEUj7s=,LD8NpB/RAhp+Wz9NKbU3hMXZPd4=
36,27,BNLCVp6VtGa2dLgqpPLhZsEUj7s=,8SbvUn48HLL9m/mGRaJgBkB+ICY=
43,22,BNLCVp6VtGa2dLgqpPLhZsEUj7s=,LD8NpB/RAhp+Wz9NKbU3hMXZPd4=
44,27,BNLCVp6VtGa2dLgqpPLhZsEUj7s=,CKxB3JAIn0ctBqqFbtBURUo98fM=
43,27,BNLCVp6VtGa2dLgqpPLhZsEUj7s=,CKxB3JAIn0ctBqqFbtBURUo98fM=
42,27,BNLCVp6VtGa2dLgqpPLhZsEUj7s=,CKxB3JAIn0ctBqqFbtBURUo98fM=
41,27,BNLCVp6VtGa2dLgqpPLhZsEUj7s=,CKxB3JAIn0ctBqqFbtBURUo98fM=
42,23,BNLCVp6VtGa2dLgqpPLhZsEUj7s=,LD8NpB/RAhp+Wz9NKbU3hMXZPd4=
39,26,BNLCVp6VtGa2dLgqpPLhZsEUj7s=,8SbvUn48HLL9m/mGRaJgBkB+ICY=
40,27,BNLCVp6VtGa2dLgqpPLhZsEUj7s=,CKxB3JAIn0ctBqqFbtBURUo98fM=
46,26,BNLCVp6VtGa2dLgqpPLhZsEUj7s=,CKxB3JAIn0ctBqqFbtBURUo98fM=
46,23,BNLCVp6VtGa2dLgqpPLhZsEUj7s=,LD8NpB/RAhp+Wz9NKbU3hMXZPd4=
45,26,BNLCVp6VtGa2dLgqpPLhZsEUj7s=,CKxB3JAIn0ctBqqFbtBURUo98fM=
44,23,BNLCVp6VtGa2dLgqpPLhZsEUj7s=,LD8NpB/RAhp+Wz9NKbU3hMXZPd4=
36,24,BNLCVp6VtGa2dLgqpPLhZsEUj7s=,8SbvUn48HLL9m/mGRaJgBkB+ICY=
43,23,BNLCVp6VtGa2dLgqpPLhZsEUj7s=,LD8NpB/RAhp+Wz9NKbU3hMXZPd4=
42,22,BNLCVp6VtGa2dLgqpPLhZsEUj7s=,LD8NpB/RAhp+Wz9NKbU3hMXZPd4=
36,25,BNLCVp6VtGa2dLgqpPLhZsEUj7s=,8SbvUn48HLL9m/mGRaJgBkB+ICY=
36,23,BNLCVp6VtGa2dLgqpPLhZsEUj7s=,xxs3iLzvrEPODjxDJl0xbnJcFOs=
38,23,BNLCVp6VtGa2dLgqpPLhZsEUj7s=,xxs3iLzvrEPODjxDJl0xbnJcFOs=
43,21,BNLCVp6VtGa2dLgqpPLhZsEUj7s=,LD8NpB/RAhp+Wz9NKbU3hMXZPd4=
37,23,BNLCVp6VtGa2dLgqpPLhZsEUj7s=,xxs3iLzvrEPODjxDJl0xbnJcFOs=
37,24,BNLCVp6VtGa2dLgqpPLhZsEUj7s=,8SbvUn48HLL9m/mGRaJgBkB+ICY=
47,26,BNLCVp6VtGa2dLgqpPLhZsEUj7s=,CKxB3JAIn0ctBqqFbtBURUo98fM=
47,30,BNLCVp6VtGa2dLgqpPLhZsEUj7s=,CKxB3JAIn0ctBqqFbtBURUo98fM=
47,25,BNLCVp6VtGa2dLgqpPLhZsEUj7s=,CKxB3JAIn0ctBqqFbtBURUo98fM=
47,29,BNLCVp6VtGa2dLgqpPLhZsEUj7s=,CKxB3JAIn0ctBqqFbtBURUo98fM=
47,28,BNLCVp6VtGa2dLgqpPLhZsEUj7s=,CKxB3JAIn0ctBqqFbtBURUo98fM=
47,27,BNLCVp6VtGa2dLgqpPLhZsEUj7s=,CKxB3JAIn0ctBqqFbtBURUo98fM=
41,31,BNLCVp6VtGa2dLgqpPLhZsEUj7s=,CKxB3JAIn0ctBqqFbtBURUo98fM=
42,31,BNLCVp6VtGa2dLgqpPLhZsEUj7s=,CKxB3JAIn0ctBqqFbtBURUo98fM=
43,31,BNLCVp6VtGa2dLgqpPLhZsEUj7s=,CKxB3JAIn0ctBqqFbtBURUo98fM=
44,31,BNLCVp6VtGa2dLgqpPLhZsEUj7s=,CKxB3JAIn0ctBqqFbtBURUo98fM=
46,31,BNLCVp6VtGa2dLgqpPLhZsEUj7s=,CKxB3JAIn0ctBqqFbtBURUo98fM=
45,31,BNLCVp6VtGa2dLgqpPLhZsEUj7s=,CKxB3JAIn0ctBqqFbtBURUo98fM=
43,19,BNLCVp6VtGa2dLgqpPLhZsEUj7s=,LD8NpB/RAhp+Wz9NKbU3hMXZPd4=
37,16,BNLCVp6VtGa2dLgqpPLhZsEUj7s=,xxs3iLzvrEPODjxDJl0xbnJcFOs=
42,17,BNLCVp6VtGa2dLgqpPLhZsEUj7s=,LD8NpB/RAhp+Wz9NKbU3hMXZPd4=
42,18,BNLCVp6VtGa2dLgqpPLhZsEUj7s=,LD8NpB/RAhp+Wz9NKbU3hMXZPd4=
40,19,BNLCVp6VtGa2dLgqpPLhZsEUj7s=,LD8NpB/RAhp+Wz9NKbU3hMXZPd4=
43,18,BNLCVp6VtGa2dLgqpPLhZsEUj7s=,LD8NpB/RAhp+Wz9NKbU3hMXZPd4=
42,19,BNLCVp6VtGa2dLgqpPLhZsEUj7s=,LD8NpB/RAhp+Wz9NKbU3hMXZPd4=
36,16,BNLCVp6VtGa2dLgqpPLhZsEUj7s=,xxs3iLzvrEPODjxDJl0xbnJcFOs=
36,18,BNLCVp6VtGa2dLgqpPLhZsEUj7s=,xxs3iLzvrEPODjxDJl0xbnJcFOs=
36,19,BNLCVp6VtGa2dLgqpPLhZsEUj7s=,xxs3iLzvrEPODjxDJl0xbnJcFOs=
39,19,BNLCVp6VtGa2dLgqpPLhZsEUj7s=,xxs3iLzvrEPODjxDJl0xbnJcFOs=
37,19,BNLCVp6VtGa2dLgqpPLhZsEUj7s=,xxs3iLzvrEPODjxDJl0xbnJcFOs=
37,18,BNLCVp6VtGa2dLgqpPLhZsEUj7s=,xxs3iLzvrEPODjxDJl0xbnJcFOs=
40,18,BNLCVp6VtGa2dLgqpPLhZsEUj7s=,LD8NpB/RAhp+Wz9NKbU3hMXZPd4=
42,16,BNLCVp6VtGa2dLgqpPLhZsEUj7s=,LD8NpB/RAhp+Wz9NKbU3hMXZPd4=
36,17,BNLCVp6VtGa2dLgqpPLhZsEUj7s=,xxs3iLzvrEPODjxDJl0xbnJcFOs=
38,16,BNLCVp6VtGa2dLgqpPLhZsEUj7s=,xxs3iLzvrEPODjxDJl0xbnJcFOs=
38,18,BNLCVp6VtGa2dLgqpPLhZsEUj7s=,xxs3iLzvrEPODjxDJl0xbnJcFOs=
38,17,BNLCVp6VtGa2dLgqpPLhZsEUj7s=,xxs3iLzvrEPODjxDJl0xbnJcFOs=
38,19,BNLCVp6VtGa2dLgqpPLhZsEUj7s=,xxs3iLzvrEPODjxDJl0xbnJcFOs=
37,17,BNLCVp6VtGa2dLgqpPLhZsEUj7s=,xxs3iLzvrEPODjxDJl0xbnJcFOs=
39,16,BNLCVp6VtGa2dLgqpPLhZsEUj7s=,xxs3iLzvrEPODjxDJl0xbnJcFOs=
43,16,BNLCVp6VtGa2dLgqpPLhZsEUj7s=,LD8NpB/RAhp+Wz9NKbU3hMXZPd4=
39,18,BNLCVp6VtGa2dLgqpPLhZsEUj7s=,xxs3iLzvrEPODjxDJl0xbnJcFOs=
39,17,BNLCVp6VtGa2dLgqpPLhZsEUj7s=,xxs3iLzvrEPODjxDJl0xbnJcFOs=
40,17,BNLCVp6VtGa2dLgqpPLhZsEUj7s=,LD8NpB/RAhp+Wz9NKbU3hMXZPd4=
41,18,BNLCVp6VtGa2dLgqpPLhZsEUj7s=,LD8NpB/RAhp+Wz9NKbU3hMXZPd4=
41,16,BNLCVp6VtGa2dLgqpPLhZsEUj7s=,LD8NpB/RAhp+Wz9NKbU3hMXZPd4=
41,17,BNLCVp6VtGa2dLgqpPLhZsEUj7s=,LD8NpB/RAhp+Wz9NKbU3hMXZPd4=
40,16,BNLCVp6VtGa2dLgqpPLhZsEUj7s=,LD8NpB/RAhp+Wz9NKbU3hMXZPd4=
43,17,BNLCVp6VtGa2dLgqpPLhZsEUj7s=,LD8NpB/RAhp+Wz9NKbU3hMXZPd4=
47,23,BNLCVp6VtGa2dLgqpPLhZsEUj7s=,LD8NpB/RAhp+Wz9NKbU3hMXZPd4=
47,24,BNLCVp6VtGa2dLgqpPLhZsEUj7s=,CKxB3JAIn0ctBqqFbtBURUo98fM=
47,20,BNLCVp6VtGa2dLgqpPLhZsEUj7s=,LD8NpB/RAhp+Wz9NKbU3hMXZPd4=
47,21,BNLCVp6VtGa2dLgqpPLhZsEUj7s=,LD8NpB/RAhp+Wz9NKbU3hMXZPd4=
47,22,BNLCVp6VtGa2dLgqpPLhZsEUj7s=,LD8NpB/RAhp+Wz9NKbU3hMXZPd4=
47,16,BNLCVp6VtGa2dLgqpPLhZsEUj7s=,LD8NpB/RAhp+Wz9NKbU3hMXZPd4=
45,17,BNLCVp6VtGa2dLgqpPLhZsEUj7s=,LD8NpB/RAhp+Wz9NKbU3hMXZPd4=
47,18,BNLCVp6VtGa2dLgqpPLhZsEUj7s=,LD8NpB/RAhp+Wz9NKbU3hMXZPd4=
47,17,BNLCVp6VtGa2dLgqpPLhZsEUj7s=,LD8NpB/RAhp+Wz9NKbU3hMXZPd4=
47,19,BNLCVp6VtGa2dLgqpPLhZsEUj7s=,LD8NpB/RAhp+Wz9NKbU3hMXZPd4=
46,18,BNLCVp6VtGa2dLgqpPLhZsEUj7s=,LD8NpB/RAhp+Wz9NKbU3hMXZPd4=
46,17,BNLCVp6VtGa2dLgqpPLhZsEUj7s=,LD8NpB/RAhp+Wz9NKbU3hMXZPd4=
44,18,BNLCVp6VtGa2dLgqpPLhZsEUj7s=,LD8NpB/RAhp+Wz9NKbU3hMXZPd4=
45,18,BNLCVp6VtGa2dLgqpPLhZsEUj7s=,LD8NpB/RAhp+Wz9NKbU3hMXZPd4=
46,19,BNLCVp6VtGa2dLgqpPLhZsEUj7s=,LD8NpB/RAhp+Wz9NKbU3hMXZPd4=
46,20,BNLCVp6VtGa2dLgqpPLhZsEUj7s=,LD8NpB/RAhp+Wz9NKbU3hMXZPd4=
45,23,BNLCVp6VtGa2dLgqpPLhZsEUj7s=,LD8NpB/RAhp+Wz9NKbU3hMXZPd4=
46,21,BNLCVp6VtGa2dLgqpPLhZsEUj7s=,LD8NpB/RAhp+Wz9NKbU3hMXZPd4=
44,17,BNLCVp6VtGa2dLgqpPLhZsEUj7s=,LD8NpB/RAhp+Wz9NKbU3hMXZPd4=
46,16,BNLCVp6VtGa2dLgqpPLhZsEUj7s=,LD8NpB/RAhp+Wz9NKbU3hMXZPd4=
46,22,BNLCVp6VtGa2dLgqpPLhZsEUj7s=,LD8NpB/RAhp+Wz9NKbU3hMXZPd4=
45,19,BNLCVp6VtGa2dLgqpPLhZsEUj7s=,LD8NpB/RAhp+Wz9NKbU3hMXZPd4=
45,16,BNLCVp6VtGa2dLgqpPLhZsEUj7s=,LD8NpB/RAhp+Wz9NKbU3hMXZPd4=
44,21,BNLCVp6VtGa2dLgqpPLhZsEUj7s=,LD8NpB/RAhp+Wz9NKbU3hMXZPd4=
45,21,BNLCVp6VtGa2dLgqpPLhZsEUj7s=,LD8NpB/RAhp+Wz9NKbU3hMXZPd4=
45,22,BNLCVp6VtGa2dLgqpPLhZsEUj7s=,LD8NpB/RAhp+Wz9NKbU3hMXZPd4=
44,22,BNLCVp6VtGa2dLgqpPLhZsEUj7s=,LD8NpB/RAhp+Wz9NKbU3hMXZPd4=
45,20,BNLCVp6VtGa2dLgqpPLhZsEUj7s=,LD8NpB/RAhp+Wz9NKbU3hMXZPd4=
44,16,BNLCVp6VtGa2dLgqpPLhZsEUj7s=,LD8NpB/RAhp+Wz9NKbU3hMXZPd4=
44,19,BNLCVp6VtGa2dLgqpPLhZsEUj7s=,LD8NpB/RAhp+Wz9NKbU3hMXZPd4=
44,20,BNLCVp6VtGa2dLgqpPLhZsEUj7s=,LD8NpB/RAhp+Wz9NKbU3hMXZPd4=
36,28,BNLCVp6VtGa2dLgqpPLhZsEUj7s=,8SbvUn48HLL9m/mGRaJgBkB+ICY=
38,31,BNLCVp6VtGa2dLgqpPLhZsEUj7s=,8SbvUn48HLL9m/mGRaJgBkB+ICY=
39,31,BNLCVp6VtGa2dLgqpPLhZsEUj7s=,8SbvUn48HLL9m/mGRaJgBkB+ICY=
37,31,BNLCVp6VtGa2dLgqpPLhZsEUj7s=,8SbvUn48HLL9m/mGRaJgBkB+ICY=
40,31,BNLCVp6VtGa2dLgqpPLhZsEUj7s=,CKxB3JAIn0ctBqqFbtBURUo98fM=
36,31,BNLCVp6VtGa2dLgqpPLhZsEUj7s=,8SbvUn48HLL9m/mGRaJgBkB+ICY=
47,31,BNLCVp6VtGa2dLgqpPLhZsEUj7s=,CKxB3JAIn0ctBqqFbtBURUo98fM=
32,26,BNLCVp6VtGa2dLgqpPLhZsEUj7s=,8SbvUn48HLL9m/mGRaJgBkB+ICY=
32,29,BNLCVp6VtGa2dLgqpPLhZsEUj7s=,8SbvUn48HLL9m/mGRaJgBkB+ICY=
32,28,BNLCVp6VtGa2dLgqpPLhZsEUj7s=,8SbvUn48HLL9m/mGRaJgBkB+ICY=
32,27,BNLCVp6VtGa2dLgqpPLhZsEUj7s=,8SbvUn48HLL9m/mGRaJgBkB+ICY=
32,31,BNLCVp6VtGa2dLgqpPLhZsEUj7s=,8SbvUn48HLL9m/mGRaJgBkB+ICY=
33,28,BNLCVp6VtGa2dLgqpPLhZsEUj7s=,8SbvUn48HLL9m/mGRaJgBkB+ICY=
32,30,BNLCVp6VtGa2dLgqpPLhZsEUj7s=,8SbvUn48HLL9m/mGRaJgBkB+ICY=
34,29,BNLCVp6VtGa2dLgqpPLhZsEUj7s=,8SbvUn48HLL9m/mGRaJgBkB+ICY=
35,29,BNLCVp6VtGa2dLgqpPLhZsEUj7s=,8SbvUn48HLL9m/mGRaJgBkB+ICY=
34,30,BNLCVp6VtGa2dLgqpPLhZsEUj7s=,8SbvUn48HLL9m/mGRaJgBkB+ICY=
35,28,BNLCVp6VtGa2dLgqpPLhZsEUj7s=,8SbvUn48HLL9m/mGRaJgBkB+ICY=
33,31,BNLCVp6VtGa2dLgqpPLhZsEUj7s=,8SbvUn48HLL9m/mGRaJgBkB+ICY=
35,30,BNLCVp6VtGa2dLgqpPLhZsEUj7s=,8SbvUn48HLL9m/mGRaJgBkB+ICY=
34,28,BNLCVp6VtGa2dLgqpPLhZsEUj7s=,8SbvUn48HLL9m/mGRaJgBkB+ICY=
33,29,BNLCVp6VtGa2dLgqpPLhZsEUj7s=,8SbvUn48HLL9m/mGRaJgBkB+ICY=
35,31,BNLCVp6VtGa2dLgqpPLhZsEUj7s=,8SbvUn48HLL9m/mGRaJgBkB+ICY=
33,30,BNLCVp6VtGa2dLgqpPLhZsEUj7s=,8SbvUn48HLL9m/mGRaJgBkB+ICY=
32,19,BNLCVp6VtGa2dLgqpPLhZsEUj7s=,xxs3iLzvrEPODjxDJl0xbnJcFOs=
32,20,BNLCVp6VtGa2dLgqpPLhZsEUj7s=,xxs3iLzvrEPODjxDJl0xbnJcFOs=
34,31,BNLCVp6VtGa2dLgqpPLhZsEUj7s=,8SbvUn48HLL9m/mGRaJgBkB+ICY=
32,18,BNLCVp6VtGa2dLgqpPLhZsEUj7s=,xxs3iLzvrEPODjxDJl0xbnJcFOs=
32,21,BNLCVp6VtGa2dLgqpPLhZsEUj7s=,xxs3iLzvrEPODjxDJl0xbnJcFOs=
33,21,BNLCVp6VtGa2dLgqpPLhZsEUj7s=,xxs3iLzvrEPODjxDJl0xbnJcFOs=
32,22,BNLCVp6VtGa2dLgqpPLhZsEUj7s=,xxs3iLzvrEPODjxDJl0xbnJcFOs=
34,21,BNLCVp6VtGa2dLgqpPLhZsEUj7s=,xxs3iLzvrEPODjxDJl0xbnJcFOs=
33,27,BNLCVp6VtGa2dLgqpPLhZsEUj7s=,8SbvUn48HLL9m/mGRaJgBkB+ICY=
35,21,BNLCVp6VtGa2dLgqpPLhZsEUj7s=,xxs3iLzvrEPODjxDJl0xbnJcFOs=
35,20,BNLCVp6VtGa2dLgqpPLhZsEUj7s=,xxs3iLzvrEPODjxDJl0xbnJcFOs=
32,24,BNLCVp6VtGa2dLgqpPLhZsEUj7s=,8SbvUn48HLL9m/mGRaJgBkB+ICY=
33,26,BNLCVp6VtGa2dLgqpPLhZsEUj7s=,8SbvUn48HLL9m/mGRaJgBkB+ICY=
33,22,BNLCVp6VtGa2dLgqpPLhZsEUj7s=,xxs3iLzvrEPODjxDJl0xbnJcFOs=
35,18,BNLCVp6VtGa2dLgqpPLhZsEUj7s=,xxs3iLzvrEPODjxDJl0xbnJcFOs=
35,27,BNLCVp6VtGa2dLgqpPLhZsEUj7s=,8SbvUn48HLL9m/mGRaJgBkB+ICY=
34,27,BNLCVp6VtGa2dLgqpPLhZsEUj7s=,8SbvUn48HLL9m/mGRaJgBkB+ICY=
34,17,BNLCVp6VtGa2dLgqpPLhZsEUj7s=,xxs3iLzvrEPODjxDJl0xbnJcFOs=
34,22,BNLCVp6VtGa2dLgqpPLhZsEUj7s=,xxs3iLzvrEPODjxDJl0xbnJcFOs=
35,22,BNLCVp6VtGa2dLgqpPLhZsEUj7s=,xxs3iLzvrEPODjxDJl0xbnJcFOs=
34,26,BNLCVp6VtGa2dLgqpPLhZsEUj7s=,8SbvUn48HLL9m/mGRaJgBkB+ICY=
35,26,BNLCVp6VtGa2dLgqpPLhZsEUj7s=,8SbvUn48HLL9m/mGRaJgBkB+ICY=
32,23,BNLCVp6VtGa2dLgqpPLhZsEUj7s=,xxs3iLzvrEPODjxDJl0xbnJcFOs=
34,25,BNLCVp6VtGa2dLgqpPLhZsEUj7s=,8SbvUn48HLL9m/mGRaJgBkB+ICY=
35,23,BNLCVp6VtGa2dLgqpPLhZsEUj7s=,xxs3iLzvrEPODjxDJl0xbnJcFOs=
32,25,BNLCVp6VtGa2dLgqpPLhZsEUj7s=,8SbvUn48HLL9m/mGRaJgBkB+ICY=
34,24,BNLCVp6VtGa2dLgqpPLhZsEUj7s=,8SbvUn48HLL9m/mGRaJgBkB+ICY=
35,24,BNLCVp6VtGa2dLgqpPLhZsEUj7s=,8SbvUn48HLL9m/mGRaJgBkB+ICY=
32,17,BNLCVp6VtGa2dLgqpPLhZsEUj7s=,xxs3iLzvrEPODjxDJl0xbnJcFOs=
35,16,BNLCVp6VtGa2dLgqpPLhZsEUj7s=,xxs3iLzvrEPODjxDJl0xbnJcFOs=
33,23,BNLCVp6VtGa2dLgqpPLhZsEUj7s=,xxs3iLzvrEPODjxDJl0xbnJcFOs=
33,17,BNLCVp6VtGa2dLgqpPLhZsEUj7s=,xxs3iLzvrEPODjxDJl0xbnJcFOs=
35,25,BNLCVp6VtGa2dLgqpPLhZsEUj7s=,8SbvUn48HLL9m/mGRaJgBkB+ICY=
35,17,BNLCVp6VtGa2dLgqpPLhZsEUj7s=,xxs3iLzvrEPODjxDJl0xbnJcFOs=
32,16,BNLCVp6VtGa2dLgqpPLhZsEUj7s=,xxs3iLzvrEPODjxDJl0xbnJcFOs=
33,24,BNLCVp6VtGa2dLgqpPLhZsEUj7s=,8SbvUn48HLL9m/mGRaJgBkB+ICY=
34,23,BNLCVp6VtGa2dLgqpPLhZsEUj7s=,xxs3iLzvrEPODjxDJl0xbnJcFOs=
34,16,BNLCVp6VtGa2dLgqpPLhZsEUj7s=,xxs3iLzvrEPODjxDJl0xbnJcFOs=
33,16,BNLCVp6VtGa2dLgqpPLhZsEUj7s=,xxs3iLzvrEPODjxDJl0xbnJcFOs=
49,22,MAqrnrwRzxPqOdqW8x1TGu+CBL0=,BffHID0XxhoRdD4IaNfmDjMfjys=
60,17,MAqrnrwRzxPqOdqW8x1TGu+CBL0=,1+De8IwHbw2ZPIQTWTecG8gqMPg=
60,19,MAqrnrwRzxPqOdqW8x1TGu+CBL0=,1+De8IwHbw2ZPIQTWTecG8gqMPg=
61,19,MAqrnrwRzxPqOdqW8x1TGu+CBL0=,1+De8IwHbw2ZPIQTWTecG8gqMPg=
57,23,MAqrnrwRzxPqOdqW8x1TGu+CBL0=,1+De8IwHbw2ZPIQTWTecG8gqMPg=
49,26,MAqrnrwRzxPqOdqW8x1TGu+CBL0=,vRNAo7kCtNys2PhYy//fis6b2Fc=
52,24,MAqrnrwRzxPqOdqW8x1TGu+CBL0=,vRNAo7kCtNys2PhYy//fis6b2Fc=
51,23,MAqrnrwRzxPqOdqW8x1TGu+CBL0=,BffHID0XxhoRdD4IaNfmDjMfjys=
49,23,MAqrnrwRzxPqOdqW8x1TGu+CBL0=,BffHID0XxhoRdD4IaNfmDjMfjys=
50,23,MAqrnrwRzxPqOdqW8x1TGu+CBL0=,BffHID0XxhoRdD4IaNfmDjMfjys=
51,24,MAqrnrwRzxPqOdqW8x1TGu+CBL0=,vRNAo7kCtNys2PhYy//fis6b2Fc=
50,24,MAqrnrwRzxPqOdqW8x1TGu+CBL0=,vRNAo7kCtNys2PhYy//fis6b2Fc=
52,25,MAqrnrwRzxPqOdqW8x1TGu+CBL0=,vRNAo7kCtNys2PhYy//fis6b2Fc=
51,25,MAqrnrwRzxPqOdqW8x1TGu+CBL0=,vRNAo7kCtNys2PhYy//fis6b2Fc=
50,25,MAqrnrwRzxPqOdqW8x1TGu+CBL0=,vRNAo7kCtNys2PhYy//fis6b2Fc=
49,24,MAqrnrwRzxPqOdqW8x1TGu+CBL0=,vRNAo7kCtNys2PhYy//fis6b2Fc=
50,30,MAqrnrwRzxPqOdqW8x1TGu+CBL0=,vRNAo7kCtNys2PhYy//fis6b2Fc=
49,30,MAqrnrwRzxPqOdqW8x1TGu+CBL0=,vRNAo7kCtNys2PhYy//fis6b2Fc=
50,29,MAqrnrwRzxPqOdqW8x1TGu+CBL0=,vRNAo7kCtNys2PhYy//fis6b2Fc=
49,29,MAqrnrwRzxPqOdqW8x1TGu+CBL0=,vRNAo7kCtNys2PhYy//fis6b2Fc=
56,24,8RkfgjC7NK+byAQx0Y997HOmC+E=,2ZUW/DUfk+ARjFHXFSwzf0pbKP8=
59,22,MAqrnrwRzxPqOdqW8x1TGu+CBL0=,1+De8IwHbw2ZPIQTWTecG8gqMPg=
59,21,MAqrnrwRzxPqOdqW8x1TGu+CBL0=,1+De8IwHbw2ZPIQTWTecG8gqMPg=
58,22,MAqrnrwRzxPqOdqW8x1TGu+CBL0=,1+De8IwHbw2ZPIQTWTecG8gqMPg=
53,25,MAqrnrwRzxPqOdqW8x1TGu+CBL0=,vRNAo7kCtNys2PhYy//fis6b2Fc=
55,20,MAqrnrwRzxPqOdqW8x1TGu+CBL0=,BffHID0XxhoRdD4IaNfmDjMfjys=
52,23,MAqrnrwRzxPqOdqW8x1TGu+CBL0=,BffHID0XxhoRdD4IaNfmDjMfjys=
54,25,MAqrnrwRzxPqOdqW8x1TGu+CBL0=,vRNAo7kCtNys2PhYy//fis6b2Fc=
57,22,MAqrnrwRzxPqOdqW8x1TGu+CBL0=,1+De8IwHbw2ZPIQTWTecG8gqMPg=
56,25,8RkfgjC7NK+byAQx0Y997HOmC+E=,2ZUW/DUfk+ARjFHXFSwzf0pbKP8=
52,20,MAqrnrwRzxPqOdqW8x1TGu+CBL0=,BffHID0XxhoRdD4IaNfmDjMfjys=
56,22,MAqrnrwRzxPqOdqW8x1TGu+CBL0=,1+De8IwHbw2ZPIQTWTecG8gqMPg=
58,21,MAqrnrwRzxPqOdqW8x1TGu+CBL0=,1+De8IwHbw2ZPIQTWTecG8gqMPg=
54,24,MAqrnrwRzxPqOdqW8x1TGu+CBL0=,vRNAo7kCtNys2PhYy//fis6b2Fc=
57,21,MAqrnrwRzxPqOdqW8x1TGu+CBL0=,1+De8IwHbw2ZPIQTWTecG8gqMPg=
59,20,MAqrnrwRzxPqOdqW8x1TGu+CBL0=,1+De8IwHbw2ZPIQTWTecG8gqMPg=
53,24,MAqrnrwRzxPqOdqW8x1TGu+CBL0=,vRNAo7kCtNys2PhYy//fis6b2Fc=
54,22,MAqrnrwRzxPqOdqW8x1TGu+CBL0=,BffHID0XxhoRdD4IaNfmDjMfjys=
59,23,MAqrnrwRzxPqOdqW8x1TGu+CBL0=,1+De8IwHbw2ZPIQTWTecG8gqMPg=
51,28,MAqrnrwRzxPqOdqW8x1TGu+CBL0=,vRNAo7kCtNys2PhYy//fis6b2Fc=
58,23,MAqrnrwRzxPqOdqW8x1TGu+CBL0=,1+De8IwHbw2ZPIQTWTecG8gqMPg=
58,20,MAqrnrwRzxPqOdqW8x1TGu+CBL0=,1+De8IwHbw2ZPIQTWTecG8gqMPg=
57,20,MAqrnrwRzxPqOdqW8x1TGu+CBL0=,1+De8IwHbw2ZPIQTWTecG8gqMPg=
53,23,MAqrnrwRzxPqOdqW8x1TGu+CBL0=,BffHID0XxhoRdD4IaNfmDjMfjys=
57,24,8RkfgjC7NK+byAQx0Y997HOmC+E=,2ZUW/DUfk+ARjFHXFSwzf0pbKP8=
58,27,8RkfgjC7NK+byAQx0Y997HOmC+E=,2ZUW/DUfk+ARjFHXFSwzf0pbKP8=
54,21,MAqrnrwRzxPqOdqW8x1TGu+CBL0=,BffHID0XxhoRdD4IaNfmDjMfjys=
55,21,MAqrnrwRzxPqOdqW8x1TGu+CBL0=,BffHID0XxhoRdD4IaNfmDjMfjys=
54,20,MAqrnrwRzxPqOdqW8x1TGu+CBL0=,BffHID0XxhoRdD4IaNfmDjMfjys=
59,27,8RkfgjC7NK+byAQx0Y997HOmC+E=,2ZUW/DUfk+ARjFHXFSwzf0pbKP8=
55,25,MAqrnrwRzxPqOdqW8x1TGu+CBL0=,vRNAo7kCtNys2PhYy//fis6b2Fc=
50,28,MAqrnrwRzxPqOdqW8x1TGu+CBL0=,vRNAo7kCtNys2PhYy//fis6b2Fc=
58,24,8RkfgjC7NK+byAQx0Y997HOmC+E=,2ZUW/DUfk+ARjFHXFSwzf0pbKP8=
49,25,MAqrnrwRzxPqOdqW8x1TGu+CBL0=,vRNAo7kCtNys2PhYy//fis6b2Fc=
49,28,MAqrnrwRzxPqOdqW8x1TGu+CBL0=,vRNAo7kCtNys2PhYy//fis6b2Fc=
53,22,MAqrnrwRzxPqOdqW8x1TGu+CBL0=,BffHID0XxhoRdD4IaNfmDjMfjys=
56,20,MAqrnrwRzxPqOdqW8x1TGu+CBL0=,1+De8IwHbw2ZPIQTWTecG8gqMPg=
55,24,MAqrnrwRzxPqOdqW8x1TGu+CBL0=,vRNAo7kCtNys2PhYy//fis6b2Fc=
51,27,MAqrnrwRzxPqOdqW8x1TGu+CBL0=,vRNAo7kCtNys2PhYy//fis6b2Fc=
52,27,MAqrnrwRzxPqOdqW8x1TGu+CBL0=,vRNAo7kCtNys2PhYy//fis6b2Fc=
50,27,MAqrnrwRzxPqOdqW8x1TGu+CBL0=,vRNAo7kCtNys2PhYy//fis6b2Fc=
49,27,MAqrnrwRzxPqOdqW8x1TGu+CBL0=,vRNAo7kCtNys2PhYy//fis6b2Fc=
55,22,MAqrnrwRzxPqOdqW8x1TGu+CBL0=,BffHID0XxhoRdD4IaNfmDjMfjys=
59,24,8RkfgjC7NK+byAQx0Y997HOmC+E=,2ZUW/DUfk+ARjFHXFSwzf0pbKP8=
58,25,8RkfgjC7NK+byAQx0Y997HOmC+E=,2ZUW/DUfk+ARjFHXFSwzf0pbKP8=
52,26,MAqrnrwRzxPqOdqW8x1TGu+CBL0=,vRNAo7kCtNys2PhYy//fis6b2Fc=
51,26,MAqrnrwRzxPqOdqW8x1TGu+CBL0=,vRNAo7kCtNys2PhYy//fis6b2Fc=
53,27,MAqrnrwRzxPqOdqW8x1TGu+CBL0=,vRNAo7kCtNys2PhYy//fis6b2Fc=
50,26,MAqrnrwRzxPqOdqW8x1TGu+CBL0=,vRNAo7kCtNys2PhYy//fis6b2Fc=
57,26,8RkfgjC7NK+byAQx0Y997HOmC+E=,2ZUW/DUfk+ARjFHXFSwzf0pbKP8=
57,25,8RkfgjC7NK+byAQx0Y997HOmC+E=,2ZUW/DUfk+ARjFHXFSwzf0pbKP8=
54,26,MAqrnrwRzxPqOdqW8x1TGu+CBL0=,vRNAo7kCtNys2PhYy//fis6b2Fc=
58,26,8RkfgjC7NK+byAQx0Y997HOmC+E=,2ZUW/DUfk+ARjFHXFSwzf0pbKP8=
59,25,8RkfgjC7NK+byAQx0Y997HOmC+E=,2ZUW/DUfk+ARjFHXFSwzf0pbKP8=
56,23,MAqrnrwRzxPqOdqW8x1TGu+CBL0=,1+De8IwHbw2ZPIQTWTecG8gqMPg=
59,26,8RkfgjC7NK+byAQx0Y997HOmC+E=,2ZUW/DUfk+ARjFHXFSwzf0pbKP8=
54,27,MAqrnrwRzxPqOdqW8x1TGu+CBL0=,vRNAo7kCtNys2PhYy//fis6b2Fc=
53,20,MAqrnrwRzxPqOdqW8x1TGu+CBL0=,BffHID0XxhoRdD4IaNfmDjMfjys=
53,26,MAqrnrwRzxPqOdqW8x1TGu+CBL0=,vRNAo7kCtNys2PhYy//fis6b2Fc=
54,23,MAqrnrwRzxPqOdqW8x1TGu+CBL0=,BffHID0XxhoRdD4IaNfmDjMfjys=
57,27,8RkfgjC7NK+byAQx0Y997HOmC+E=,2ZUW/DUfk+ARjFHXFSwzf0pbKP8=
55,23,MAqrnrwRzxPqOdqW8x1TGu+CBL0=,BffHID0XxhoRdD4IaNfmDjMfjys=
56,21,MAqrnrwRzxPqOdqW8x1TGu+CBL0=,1+De8IwHbw2ZPIQTWTecG8gqMPg=
53,21,MAqrnrwRzxPqOdqW8x1TGu+CBL0=,BffHID0XxhoRdD4IaNfmDjMfjys=
55,26,MAqrnrwRzxPqOdqW8x1TGu+CBL0=,vRNAo7kCtNys2PhYy//fis6b2Fc=
52,22,MAqrnrwRzxPqOdqW8x1TGu+CBL0=,BffHID0XxhoRdD4IaNfmDjMfjys=
52,21,MAqrnrwRzxPqOdqW8x1TGu+CBL0=,BffHID0XxhoRdD4IaNfmDjMfjys=
56,27,8RkfgjC7NK+byAQx0Y997HOmC+E=,2ZUW/DUfk+ARjFHXFSwzf0pbKP8=
55,27,MAqrnrwRzxPqOdqW8x1TGu+CBL0=,vRNAo7kCtNys2PhYy//fis6b2Fc=
56,26,8RkfgjC7NK+byAQx0Y997HOmC+E=,2ZUW/DUfk+ARjFHXFSwzf0pbKP8=
48,22,MAqrnrwRzxPqOdqW8x1TGu+CBL0=,BffHID0XxhoRdD4IaNfmDjMfjys=
63,27,8RkfgjC7NK+byAQx0Y997HOmC+E=,2ZUW/DUfk+ARjFHXFSwzf0pbKP8=
63,28,8RkfgjC7NK+byAQx0Y997HOmC+E=,2ZUW/DUfk+ARjFHXFSwzf0pbKP8=
60,22,MAqrnrwRzxPqOdqW8x1TGu+CBL0=,1+De8IwHbw2ZPIQTWTecG8gqMPg=
63,24,8RkfgjC7NK+byAQx0Y997HOmC+E=,2ZUW/DUfk+ARjFHXFSwzf0pbKP8=
62,22,MAqrnrwRzxPqOdqW8x1TGu+CBL0=,1+De8IwHbw2ZPIQTWTecG8gqMPg=
61,22,MAqrnrwRzxPqOdqW8x1TGu+CBL0=,1+De8IwHbw2ZPIQTWTecG8gqMPg=
61,21,MAqrnrwRzxPqOdqW8x1TGu+CBL0=,1+De8IwHbw2ZPIQTWTecG8gqMPg=
62,20,MAqrnrwRzxPqOdqW8x1TGu+CBL0=,1+De8IwHbw2ZPIQTWTecG8gqMPg=
62,21,MAqrnrwRzxPqOdqW8x1TGu+CBL0=,1+De8IwHbw2ZPIQTWTecG8gqMPg=
61,26,8RkfgjC7NK+byAQx0Y997HOmC+E=,2ZUW/DUfk+ARjFHXFSwzf0pbKP8=
62,26,8RkfgjC7NK+byAQx0Y997HOmC+E=,2ZUW/DUfk+ARjFHXFSwzf0pbKP8=
62,27,8RkfgjC7NK+byAQx0Y997HOmC+E=,2ZUW/DUfk+ARjFHXFSwzf0pbKP8=
60,23,MAqrnrwRzxPqOdqW8x1TGu+CBL0=,1+De8IwHbw2ZPIQTWTecG8gqMPg=
60,27,8RkfgjC7NK+byAQx0Y997HOmC+E=,2ZUW/DUfk+ARjFHXFSwzf0pbKP8=
61,27,8RkfgjC7NK+byAQx0Y997HOmC+E=,2ZUW/DUfk+ARjFHXFSwzf0pbKP8=
61,23,MAqrnrwRzxPqOdqW8x1TGu+CBL0=,1+De8IwHbw2ZPIQTWTecG8gqMPg=
62,23,MAqrnrwRzxPqOdqW8x1TGu+CBL0=,1+De8IwHbw2ZPIQTWTecG8gqMPg=
61,25,8RkfgjC7NK+byAQx0Y997HOmC+E=,2ZUW/DUfk+ARjFHXFSwzf0pbKP8=
63,20,MAqrnrwRzxPqOdqW8x1TGu+CBL0=,1+De8IwHbw2ZPIQTWTecG8gqMPg=
60,24,8RkfgjC7NK+byAQx0Y997HOmC+E=,2ZUW/DUfk+ARjFHXFSwzf0pbKP8=
63,26,8RkfgjC7NK+byAQx0Y997HOmC+E=,2ZUW/DUfk+ARjFHXFSwzf0pbKP8=
61,24,8RkfgjC7NK+byAQx0Y997HOmC+E=,2ZUW/DUfk+ARjFHXFSwzf0pbKP8=
63,21,MAqrnrwRzxPqOdqW8x1TGu+CBL0=,1+De8IwHbw2ZPIQTWTecG8gqMPg=
63,22,MAqrnrwRzxPqOdqW8x1TGu+CBL0=,1+De8IwHbw2ZPIQTWTecG8gqMPg=
63,23,MAqrnrwRzxPqOdqW8x1TGu+CBL0=,1+De8IwHbw2ZPIQTWTecG8gqMPg=
60,20,MAqrnrwRzxPqOdqW8x1TGu+CBL0=,1+De8IwHbw2ZPIQTWTecG8gqMPg=
60,26,8RkfgjC7NK+byAQx0Y997HOmC+E=,2ZUW/DUfk+ARjFHXFSwzf0pbKP8=
62,24,8RkfgjC7NK+byAQx0Y997HOmC+E=,2ZUW/DUfk+ARjFHXFSwzf0pbKP8=
60,25,8RkfgjC7NK+byAQx0Y997HOmC+E=,2ZUW/DUfk+ARjFHXFSwzf0pbKP8=
61,20,MAqrnrwRzxPqOdqW8x1TGu+CBL0=,1+De8IwHbw2ZPIQTWTecG8gqMPg=
63,25,8RkfgjC7NK+byAQx0Y997HOmC+E=,2ZUW/DUfk+ARjFHXFSwzf0pbKP8=
60,21,MAqrnrwRzxPqOdqW8x1TGu+CBL0=,1+De8IwHbw2ZPIQTWTecG8gqMPg=
62,25,8RkfgjC7NK+byAQx0Y997HOmC+E=,2ZUW/DUfk+ARjFHXFSwzf0pbKP8=
48,26,MAqrnrwRzxPqOdqW8x1TGu+CBL0=,vRNAo7kCtNys2PhYy//fis6b2Fc=
48,23,MAqrnrwRzxPqOdqW8x1TGu+CBL0=,BffHID0XxhoRdD4IaNfmDjMfjys=
48,21,MAqrnrwRzxPqOdqW8x1TGu+CBL0=,BffHID0XxhoRdD4IaNfmDjMfjys=
50,22,MAqrnrwRzxPqOdqW8x1TGu+CBL0=,BffHID0XxhoRdD4IaNfmDjMfjys=
48,30,MAqrnrwRzxPqOdqW8x1TGu+CBL0=,vRNAo7kCtNys2PhYy//fis6b2Fc=
48,24,MAqrnrwRzxPqOdqW8x1TGu+CBL0=,vRNAo7kCtNys2PhYy//fis6b2Fc=
48,29,MAqrnrwRzxPqOdqW8x1TGu+CBL0=,vRNAo7kCtNys2PhYy//fis6b2Fc=
48,28,MAqrnrwRzxPqOdqW8x1TGu+CBL0=,vRNAo7kCtNys2PhYy//fis6b2Fc=
48,25,MAqrnrwRzxPqOdqW8x1TGu+CBL0=,vRNAo7kCtNys2PhYy//fis6b2Fc=
48,27,MAqrnrwRzxPqOdqW8x1TGu+CBL0=,vRNAo7kCtNys2PhYy//fis6b2Fc=
50,21,MAqrnrwRzxPqOdqW8x1TGu+CBL0=,BffHID0XxhoRdD4IaNfmDjMfjys=
49,21,MAqrnrwRzxPqOdqW8x1TGu+CBL0=,BffHID0XxhoRdD4IaNfmDjMfjys=
50,20,MAqrnrwRzxPqOdqW8x1TGu+CBL0=,BffHID0XxhoRdD4IaNfmDjMfjys=
51,21,MAqrnrwRzxPqOdqW8x1TGu+CBL0=,BffHID0XxhoRdD4IaNfmDjMfjys=
49,20,MAqrnrwRzxPqOdqW8x1TGu+CBL0=,BffHID0XxhoRdD4IaNfmDjMfjys=
51,22,MAqrnrwRzxPqOdqW8x1TGu+CBL0=,BffHID0XxhoRdD4IaNfmDjMfjys=
51,20,MAqrnrwRzxPqOdqW8x1TGu+CBL0=,BffHID0XxhoRdD4IaNfmDjMfjys=
48,20,MAqrnrwRzxPqOdqW8x1TGu+CBL0=,BffHID0XxhoRdD4IaNfmDjMfjys=
63,19,MAqrnrwRzxPqOdqW8x1TGu+CBL0=,1+De8IwHbw2ZPIQTWTecG8gqMPg=
63,16,MAqrnrwRzxPqOdqW8x1TGu+CBL0=,1+De8IwHbw2ZPIQTWTecG8gqMPg=
60,16,MAqrnrwRzxPqOdqW8x1TGu+CBL0=,1+De8IwHbw2ZPIQTWTecG8gqMPg=
61,18,MAqrnrwRzxPqOdqW8x1TGu+CBL0=,1+De8IwHbw2ZPIQTWTecG8gqMPg=
61,17,MAqrnrwRzxPqOdqW8x1TGu+CBL0=,1+De8IwHbw2ZPIQTWTecG8gqMPg=
62,17,MAqrnrwRzxPqOdqW8x1TGu+CBL0=,1+De8IwHbw2ZPIQTWTecG8gqMPg=
61,16,MAqrnrwRzxPqOdqW8x1TGu+CBL0=,1+De8IwHbw2ZPIQTWTecG8gqMPg=
60,18,MAqrnrwRzxPqOdqW8x1TGu+CBL0=,1+De8IwHbw2ZPIQTWTecG8gqMPg=
62,18,MAqrnrwRzxPqOdqW8x1TGu+CBL0=,1+De8IwHbw2ZPIQTWTecG8gqMPg=
62,19,MAqrnrwRzxPqOdqW8x1TGu+CBL0=,1+De8IwHbw2ZPIQTWTecG8gqMPg=
62,16,MAqrnrwRzxPqOdqW8x1TGu+CBL0=,1+De8IwHbw2ZPIQTWTecG8gqMPg=
63,17,MAqrnrwRzxPqOdqW8x1TGu+CBL0=,1+De8IwHbw2ZPIQTWTecG8gqMPg=
63,18,MAqrnrwRzxPqOdqW8x1TGu+CBL0=,1+De8IwHbw2ZPIQTWTecG8gqMPg=
55,16,MAqrnrwRzxPqOdqW8x1TGu+CBL0=,BffHID0XxhoRdD4IaNfmDjMfjys=
54,19,MAqrnrwRzxPqOdqW8x1TGu+CBL0=,BffHID0XxhoRdD4IaNfmDjMfjys=
53,19,MAqrnrwRzxPqOdqW8x1TGu+CBL0=,BffHID0XxhoRdD4IaNfmDjMfjys=
52,19,MAqrnrwRzxPqOdqW8x1TGu+CBL0=,BffHID0XxhoRdD4IaNfmDjMfjys=
52,17,MAqrnrwRzxPqOdqW8x1TGu+CBL0=,BffHID0XxhoRdD4IaNfmDjMfjys=
53,17,MAqrnrwRzxPqOdqW8x1TGu+CBL0=,BffHID0XxhoRdD4IaNfmDjMfjys=
54,17,MAqrnrwRzxPqOdqW8x1TGu+CBL0=,BffHID0XxhoRdD4IaNfmDjMfjys=
56,17,MAqrnrwRzxPqOdqW8x1TGu+CBL0=,1+De8IwHbw2ZPIQTWTecG8gqMPg=
54,18,MAqrnrwRzxPqOdqW8x1TGu+CBL0=,BffHID0XxhoRdD4IaNfmDjMfjys=
58,17,MAqrnrwRzxPqOdqW8x1TGu+CBL0=,1+De8IwHbw2ZPIQTWTecG8gqMPg=
54,16,MAqrnrwRzxPqOdqW8x1TGu+CBL0=,BffHID0XxhoRdD4IaNfmDjMfjys=
59,17,MAqrnrwRzxPqOdqW8x1TGu+CBL0=,1+De8IwHbw2ZPIQTWTecG8gqMPg=
55,17,MAqrnrwRzxPqOdqW8x1TGu+CBL0=,BffHID0XxhoRdD4IaNfmDjMfjys=
58,19,MAqrnrwRzxPqOdqW8x1TGu+CBL0=,1+De8IwHbw2ZPIQTWTecG8gqMPg=
58,18,MAqrnrwRzxPqOdqW8x1TGu+CBL0=,1+De8IwHbw2ZPIQTWTecG8gqMPg=
57,17,MAqrnrwRzxPqOdqW8x1TGu+CBL0=,1+De8IwHbw2ZPIQTWTecG8gqMPg=
59,19,MAqrnrwRzxPqOdqW8x1TGu+CBL0=,1+De8IwHbw2ZPIQTWTecG8gqMPg=
56,16,MAqrnrwRzxPqOdqW8x1TGu+CBL0=,1+De8IwHbw2ZPIQTWTecG8gqMPg=
56,18,MAqrnrwRzxPqOdqW8x1TGu+CBL0=,1+De8IwHbw2ZPIQTWTecG8gqMPg=
59,16,MAqrnrwRzxPqOdqW8x1TGu+CBL0=,1+De8IwHbw2ZPIQTWTecG8gqMPg=
58,16,MAqrnrwRzxPqOdqW8x1TGu+CBL0=,1+De8IwHbw2ZPIQTWTecG8gqMPg=
52,18,MAqrnrwRzxPqOdqW8x1TGu+CBL0=,BffHID0XxhoRdD4IaNfmDjMfjys=
53,16,MAqrnrwRzxPqOdqW8x1TGu+CBL0=,BffHID0XxhoRdD4IaNfmDjMfjys=
56,19,MAqrnrwRzxPqOdqW8x1TGu+CBL0=,1+De8IwHbw2ZPIQTWTecG8gqMPg=
55,18,MAqrnrwRzxPqOdqW8x1TGu+CBL0=,BffHID0XxhoRdD4IaNfmDjMfjys=
59,18,MAqrnrwRzxPqOdqW8x1TGu+CBL0=,1+De8IwHbw2ZPIQTWTecG8gqMPg=
57,16,MAqrnrwRzxPqOdqW8x1TGu+CBL0=,1+De8IwHbw2ZPIQTWTecG8gqMPg=
57,18,MAqrnrwRzxPqOdqW8x1TGu+CBL0=,1+De8IwHbw2ZPIQTWTecG8gqMPg=
55,19,MAqrnrwRzxPqOdqW8x1TGu+CBL0=,BffHID0XxhoRdD4IaNfmDjMfjys=
57,19,MAqrnrwRzxPqOdqW8x1TGu+CBL0=,1+De8IwHbw2ZPIQTWTecG8gqMPg=
53,18,MAqrnrwRzxPqOdqW8x1TGu+CBL0=,BffHID0XxhoRdD4IaNfmDjMfjys=
52,16,MAqrnrwRzxPqOdqW8x1TGu+CBL0=,BffHID0XxhoRdD4IaNfmDjMfjys=
48,16,MAqrnrwRzxPqOdqW8x1TGu+CBL0=,BffHID0XxhoRdD4IaNfmDjMfjys=
49,16,MAqrnrwRzxPqOdqW8x1TGu+CBL0=,BffHID0XxhoRdD4IaNfmDjMfjys=
50,18,MAqrnrwRzxPqOdqW8x1TGu+CBL0=,BffHID0XxhoRdD4IaNfmDjMfjys=
49,18,MAqrnrwRzxPqOdqW8x1TGu+CBL0=,BffHID0XxhoRdD4IaNfmDjMfjys=
51,18,MAqrnrwRzxPqOdqW8x1TGu+CBL0=,BffHID0XxhoRdD4IaNfmDjMfjys=
51,17,MAqrnrwRzxPqOdqW8x1TGu+CBL0=,BffHID0XxhoRdD4IaNfmDjMfjys=
51,16,MAqrnrwRzxPqOdqW8x1TGu+CBL0=,BffHID0XxhoRdD4IaNfmDjMfjys=
48,18,MAqrnrwRzxPqOdqW8x1TGu+CBL0=,BffHID0XxhoRdD4IaNfmDjMfjys=
51,19,MAqrnrwRzxPqOdqW8x1TGu+CBL0=,BffHID0XxhoRdD4IaNfmDjMfjys=
48,19,MAqrnrwRzxPqOdqW8x1TGu+CBL0=,BffHID0XxhoRdD4IaNfmDjMfjys=
50,17,MAqrnrwRzxPqOdqW8x1TGu+CBL0=,BffHID0XxhoRdD4IaNfmDjMfjys=
49,17,MAqrnrwRzxPqOdqW8x1TGu+CBL0=,BffHID0XxhoRdD4IaNfmDjMfjys=
48,17,MAqrnrwRzxPqOdqW8x1TGu+CBL0=,BffHID0XxhoRdD4IaNfmDjMfjys=
50,16,MAqrnrwRzxPqOdqW8x1TGu+CBL0=,BffHID0XxhoRdD4IaNfmDjMfjys=
50,19,MAqrnrwRzxPqOdqW8x1TGu+CBL0=,BffHID0XxhoRdD4IaNfmDjMfjys=
49,19,MAqrnrwRzxPqOdqW8x1TGu+CBL0=,BffHID0XxhoRdD4IaNfmDjMfjys=
63,31,8RkfgjC7NK+byAQx0Y997HOmC+E=,2ZUW/DUfk+ARjFHXFSwzf0pbKP8=
60,31,8RkfgjC7NK+byAQx0Y997HOmC+E=,2ZUW/DUfk+ARjFHXFSwzf0pbKP8=
63,29,8RkfgjC7NK+byAQx0Y997HOmC+E=,2ZUW/DUfk+ARjFHXFSwzf0pbKP8=
62,31,8RkfgjC7NK+byAQx0Y997HOmC+E=,2ZUW/DUfk+ARjFHXFSwzf0pbKP8=
62,28,8RkfgjC7NK+byAQx0Y997HOmC+E=,2ZUW/DUfk+ARjFHXFSwzf0pbKP8=
61,29,8RkfgjC7NK+byAQx0Y997HOmC+E=,2ZUW/DUfk+ARjFHXFSwzf0pbKP8=
62,29,8RkfgjC7NK+byAQx0Y997HOmC+E=,2ZUW/DUfk+ARjFHXFSwzf0pbKP8=
60,29,8RkfgjC7NK+byAQx0Y997HOmC+E=,2ZUW/DUfk+ARjFHXFSwzf0pbKP8=
61,31,8RkfgjC7NK+byAQx0Y997HOmC+E=,2ZUW/DUfk+ARjFHXFSwzf0pbKP8=
61,28,8RkfgjC7NK+byAQx0Y997HOmC+E=,2ZUW/DUfk+ARjFHXFSwzf0pbKP8=
60,30,8RkfgjC7NK+byAQx0Y997HOmC+E=,2ZUW/DUfk+ARjFHXFSwzf0pbKP8=
62,30,8RkfgjC7NK+byAQx0Y997HOmC+E=,2ZUW/DUfk+ARjFHXFSwzf0pbKP8=
60,28,8RkfgjC7NK+byAQx0Y997HOmC+E=,2ZUW/DUfk+ARjFHXFSwzf0pbKP8=
63,30,8RkfgjC7NK+byAQx0Y997HOmC+E=,2ZUW/DUfk+ARjFHXFSwzf0pbKP8=
61,30,8RkfgjC7NK+byAQx0Y997HOmC+E=,2ZUW/DUfk+ARjFHXFSwzf0pbKP8=
50,31,MAqrnrwRzxPqOdqW8x1TGu+CBL0=,vRNAo7kCtNys2PhYy//fis6b2Fc=
49,31,MAqrnrwRzxPqOdqW8x1TGu+CBL0=,vRNAo7kCtNys2PhYy//fis6b2Fc=
58,28,8RkfgjC7NK+byAQx0Y997HOmC+E=,2ZUW/DUfk+ARjFHXFSwzf0pbKP8=
48,31,MAqrnrwRzxPqOdqW8x1TGu+CBL0=,vRNAo7kCtNys2PhYy//fis6b2Fc=
59,28,8RkfgjC7NK+byAQx0Y997HOmC+E=,2ZUW/DUfk+ARjFHXFSwzf0pbKP8=
57,28,8RkfgjC7NK+byAQx0Y997HOmC+E=,2ZUW/DUfk+ARjFHXFSwzf0pbKP8=
59,29,8RkfgjC7NK+byAQx0Y997HOmC+E=,2ZUW/DUfk+ARjFHXFSwzf0pbKP8=
56,31,8RkfgjC7NK+byAQx0Y997HOmC+E=,2ZUW/DUfk+ARjFHXFSwzf0pbKP8=
58,29,8RkfgjC7NK+byAQx0Y997HOmC+E=,2ZUW/DUfk+ARjFHXFSwzf0pbKP8=
54,31,MAqrnrwRzxPqOdqW8x1TGu+CBL0=,vRNAo7kCtNys2PhYy//fis6b2Fc=
57,30,8RkfgjC7NK+byAQx0Y997HOmC+E=,2ZUW/DUfk+ARjFHXFSwzf0pbKP8=
58,30,8RkfgjC7NK+byAQx0Y997HOmC+E=,2ZUW/DUfk+ARjFHXFSwzf0pbKP8=
51,31,MAqrnrwRzxPqOdqW8x1TGu+CBL0=,vRNAo7kCtNys2PhYy//fis6b2Fc=
56,29,8RkfgjC7NK+byAQx0Y997HOmC+E=,2ZUW/DUfk+ARjFHXFSwzf0pbKP8=
59,30,8RkfgjC7NK+byAQx0Y997HOmC+E=,2ZUW/DUfk+ARjFHXFSwzf0pbKP8=
59,31,8RkfgjC7NK+byAQx0Y997HOmC+E=,2ZUW/DUfk+ARjFHXFSwzf0pbKP8=
51,29,MAqrnrwRzxPqOdqW8x1TGu+CBL0=,vRNAo7kCtNys2PhYy//fis6b2Fc=
51,30,MAqrnrwRzxPqOdqW8x1TGu+CBL0=,vRNAo7kCtNys2PhYy//fis6b2Fc=
54,30,MAqrnrwRzxPqOdqW8x1TGu+CBL0=,vRNAo7kCtNys2PhYy//fis6b2Fc=
53,31,MAqrnrwRzxPqOdqW8x1TGu+CBL0=,vRNAo7kCtNys2PhYy//fis6b2Fc=
54,29,MAqrnrwRzxPqOdqW8x1TGu+CBL0=,vRNAo7kCtNys2PhYy//fis6b2Fc=
52,31,MAqrnrwRzxPqOdqW8x1TGu+CBL0=,vRNAo7kCtNys2PhYy//fis6b2Fc=
53,30,MAqrnrwRzxPqOdqW8x1TGu+CBL0=,vRNAo7kCtNys2PhYy//fis6b2Fc=
53,28,MAqrnrwRzxPqOdqW8x1TGu+CBL0=,vRNAo7kCtNys2PhYy//fis6b2Fc=
53,29,MAqrnrwRzxPqOdqW8x1TGu+CBL0=,vRNAo7kCtNys2PhYy//fis6b2Fc=
52,28,MAqrnrwRzxPqOdqW8x1TGu+CBL0=,vRNAo7kCtNys2PhYy//fis6b2Fc=
58,31,8RkfgjC7NK+byAQx0Y997HOmC+E=,2ZUW/DUfk+ARjFHXFSwzf0pbKP8=
55,31,MAqrnrwRzxPqOdqW8x1TGu+CBL0=,vRNAo7kCtNys2PhYy//fis6b2Fc=
54,28,MAqrnrwRzxPqOdqW8x1TGu+CBL0=,vRNAo7kCtNys2PhYy//fis6b2Fc=
52,30,MAqrnrwRzxPqOdqW8x1TGu+CBL0=,vRNAo7kCtNys2PhYy//fis6b2Fc=
57,29,8RkfgjC7NK+byAQx0Y997HOmC+E=,2ZUW/DUfk+ARjFHXFSwzf0pbKP8=
56,30,8RkfgjC7NK+byAQx0Y997HOmC+E=,2ZUW/DUfk+ARjFHXFSwzf0pbKP8=
52,29,MAqrnrwRzxPqOdqW8x1TGu+CBL0=,vRNAo7kCtNys2PhYy//fis6b2Fc=
57,31,8RkfgjC7NK+byAQx0Y997HOmC+E=,2ZUW/DUfk+ARjFHXFSwzf0pbKP8=
56,28,8RkfgjC7NK+byAQx0Y997HOmC+E=,2ZUW/DUfk+ARjFHXFSwzf0pbKP8=
55,29,MAqrnrwRzxPqOdqW8x1TGu+CBL0=,vRNAo7kCtNys2PhYy//fis6b2Fc=
55,30,MAqrnrwRzxPqOdqW8x1TGu+CBL0=,vRNAo7kCtNys2PhYy//fis6b2Fc=
55,28,MAqrnrwRzxPqOdqW8x1TGu+CBL0=,vRNAo7kCtNys2PhYy//fis6b2Fc=
57,14,AXLIsKVcmrFJbsuO96iffIy+6gU=,lB5/eI7Aiou4xJCJ6iCuIv6Bbr0=
53,6,AXLIsKVcmrFJbsuO96iffIy+6gU=,aF99yUYoA1PIM8tmT5XriouwAQU=
54,6,AXLIsKVcmrFJbsuO96iffIy+6gU=,aF99yUYoA1PIM8tmT5XriouwAQU=
52,6,AXLIsKVcmrFJbsuO96iffIy+6gU=,aF99yUYoA1PIM8tmT5XriouwAQU=
53,5,AXLIsKVcmrFJbsuO96iffIy+6gU=,aF99yUYoA1PIM8tmT5XriouwAQU=
54,5,AXLIsKVcmrFJbsuO96iffIy+6gU=,aF99yUYoA1PIM8tmT5XriouwAQU=
52,4,AXLIsKVcmrFJbsuO96iffIy+6gU=,aF99yUYoA1PIM8tmT5XriouwAQU=
54,7,AXLIsKVcmrFJbsuO96iffIy+6gU=,aF99yUYoA1PIM8tmT5XriouwAQU=
52,7,AXLIsKVcmrFJbsuO96iffIy+6gU=,aF99yUYoA1PIM8tmT5XriouwAQU=
52,8,AXLIsKVcmrFJbsuO96iffIy+6gU=,R+s7vRdExlJYKp8mrVTLsZ8pVzk=
53,7,AXLIsKVcmrFJbsuO96iffIy+6gU=,aF99yUYoA1PIM8tmT5XriouwAQU=
57,8,AXLIsKVcmrFJbsuO96iffIy+6gU=,lB5/eI7Aiou4xJCJ6iCuIv6Bbr0=
52,5,AXLIsKVcmrFJbsuO96iffIy+6gU=,aF99yUYoA1PIM8tmT5XriouwAQU=
53,8,AXLIsKVcmrFJbsuO96iffIy+6gU=,R+s7vRdExlJYKp8mrVTLsZ8pVzk=
53,9,AXLIsKVcmrFJbsuO96iffIy+6gU=,R+s7vRdExlJYKp8mrVTLsZ8pVzk=
52,9,AXLIsKVcmrFJbsuO96iffIy+6gU=,R+s7vRdExlJYKp8mrVTLsZ8pVzk=
53,10,AXLIsKVcmrFJbsuO96iffIy+6gU=,R+s7vRdExlJYKp8mrVTLsZ8pVzk=
54,8,AXLIsKVcmrFJbsuO96iffIy+6gU=,R+s7vRdExlJYKp8mrVTLsZ8pVzk=
52,10,AXLIsKVcmrFJbsuO96iffIy+6gU=,R+s7vRdExlJYKp8mrVTLsZ8pVzk=
54,10,AXLIsKVcmrFJbsuO96iffIy+6gU=,R+s7vRdExlJYKp8mrVTLsZ8pVzk=
54,9,AXLIsKVcmrFJbsuO96iffIy+6gU=,R+s7vRdExlJYKp8mrVTLsZ8pVzk=
54,11,AXLIsKVcmrFJbsuO96iffIy+6gU=,R+s7vRdExlJYKp8mrVTLsZ8pVzk=
56,8,AXLIsKVcmrFJbsuO96iffIy+6gU=,lB5/eI7Aiou4xJCJ6iCuIv6Bbr0=
59,4,AXLIsKVcmrFJbsuO96iffIy+6gU=,+q3UqOZ87AvGiIJY9aetCKVhGQc=
58,8,AXLIsKVcmrFJbsuO96iffIy+6gU=,lB5/eI7Aiou4xJCJ6iCuIv6Bbr0=
58,4,AXLIsKVcmrFJbsuO96iffIy+6gU=,+q3UqOZ87AvGiIJY9aetCKVhGQc=
53,11,AXLIsKVcmrFJbsuO96iffIy+6gU=,R+s7vRdExlJYKp8mrVTLsZ8pVzk=
52,11,AXLIsKVcmrFJbsuO96iffIy+6gU=,R+s7vRdExlJYKp8mrVTLsZ8pVzk=
59,5,AXLIsKVcmrFJbsuO96iffIy+6gU=,+q3UqOZ87AvGiIJY9aetCKVhGQc=
59,8,AXLIsKVcmrFJbsuO96iffIy+6gU=,lB5/eI7Aiou4xJCJ6iCuIv6Bbr0=
55,6,AXLIsKVcmrFJbsuO96iffIy+6gU=,aF99yUYoA1PIM8tmT5XriouwAQU=
56,6,AXLIsKVcmrFJbsuO96iffIy+6gU=,+q3UqOZ87AvGiIJY9aetCKVhGQc=
58,6,AXLIsKVcmrFJbsuO96iffIy+6gU=,+q3UqOZ87AvGiIJY9aetCKVhGQc=
55,5,AXLIsKVcmrFJbsuO96iffIy+6gU=,aF99yUYoA1PIM8tmT5XriouwAQU=
59,11,AXLIsKVcmrFJbsuO96iffIy+6gU=,lB5/eI7Aiou4xJCJ6iCuIv6Bbr0=
56,11,AXLIsKVcmrFJbsuO96iffIy+6gU=,lB5/eI7Aiou4xJCJ6iCuIv6Bbr0=
58,5,AXLIsKVcmrFJbsuO96iffIy+6gU=,+q3UqOZ87AvGiIJY9aetCKVhGQc=
57,11,AXLIsKVcmrFJbsuO96iffIy+6gU=,lB5/eI7Aiou4xJCJ6iCuIv6Bbr0=
56,5,AXLIsKVcmrFJbsuO96iffIy+6gU=,+q3UqOZ87AvGiIJY9aetCKVhGQc=
57,4,AXLIsKVcmrFJbsuO96iffIy+6gU=,+q3UqOZ87AvGiIJY9aetCKVhGQc=
59,6,AXLIsKVcmrFJbsuO96iffIy+6gU=,+q3UqOZ87AvGiIJY9aetCKVhGQc=
57,5,AXLIsKVcmrFJbsuO96iffIy+6gU=,+q3UqOZ87AvGiIJY9aetCKVhGQc=
59,7,AXLIsKVcmrFJbsuO96iffIy+6gU=,+q3UqOZ87AvGiIJY9aetCKVhGQc=
58,7,AXLIsKVcmrFJbsuO96iffIy+6gU=,+q3UqOZ87AvGiIJY9aetCKVhGQc=
58,10,AXLIsKVcmrFJbsuO96iffIy+6gU=,lB5/eI7Aiou4xJCJ6iCuIv6Bbr0=
57,6,AXLIsKVcmrFJbsuO96iffIy+6gU=,+q3UqOZ87AvGiIJY9aetCKVhGQc=
54,4,AXLIsKVcmrFJbsuO96iffIy+6gU=,aF99yUYoA1PIM8tmT5XriouwAQU=
56,10,AXLIsKVcmrFJbsuO96iffIy+6gU=,lB5/eI7Aiou4xJCJ6iCuIv6Bbr0=
57,10,AXLIsKVcmrFJbsuO96iffIy+6gU=,lB5/eI7Aiou4xJCJ6iCuIv6Bbr0=
56,9,AXLIsKVcmrFJbsuO96iffIy+6gU=,lB5/eI7Aiou4xJCJ6iCuIv6Bbr0=
59,9,AXLIsKVcmrFJbsuO96iffIy+6gU=,lB5/eI7Aiou4xJCJ6iCuIv6Bbr0=
57,7,AXLIsKVcmrFJbsuO96iffIy+6gU=,+q3UqOZ87AvGiIJY9aetCKVhGQc=
55,11,AXLIsKVcmrFJbsuO96iffIy+6gU=,R+s7vRdExlJYKp8mrVTLsZ8pVzk=
57,9,AXLIsKVcmrFJbsuO96iffIy+6gU=,lB5/eI7Aiou4xJCJ6iCuIv6Bbr0=
59,10,AXLIsKVcmrFJbsuO96iffIy+6gU=,lB5/eI7Aiou4xJCJ6iCuIv6Bbr0=
58,11,AXLIsKVcmrFJbsuO96iffIy+6gU=,lB5/eI7Aiou4xJCJ6iCuIv6Bbr0=
58,9,AXLIsKVcmrFJbsuO96iffIy+6gU=,lB5/eI7Aiou4xJCJ6iCuIv6Bbr0=
55,10,AXLIsKVcmrFJbsuO96iffIy+6gU=,R+s7vRdExlJYKp8mrVTLsZ8pVzk=
53,4,AXLIsKVcmrFJbsuO96iffIy+6gU=,aF99yUYoA1PIM8tmT5XriouwAQU=
55,8,AXLIsKVcmrFJbsuO96iffIy+6gU=,R+s7vRdExlJYKp8mrVTLsZ8pVzk=
56,4,AXLIsKVcmrFJbsuO96iffIy+6gU=,+q3UqOZ87AvGiIJY9aetCKVhGQc=
55,9,AXLIsKVcmrFJbsuO96iffIy+6gU=,R+s7vRdExlJYKp8mrVTLsZ8pVzk=
55,7,AXLIsKVcmrFJbsuO96iffIy+6gU=,aF99yUYoA1PIM8tmT5XriouwAQU=
56,7,AXLIsKVcmrFJbsuO96iffIy+6gU=,+q3UqOZ87AvGiIJY9aetCKVhGQc=
55,4,AXLIsKVcmrFJbsuO96iffIy+6gU=,aF99yUYoA1PIM8tmT5XriouwAQU=
63,12,AXLIsKVcmrFJbsuO96iffIy+6gU=,lB5/eI7Aiou4xJCJ6iCuIv6Bbr0=
63,10,AXLIsKVcmrFJbsuO96iffIy+6gU=,lB5/eI7Aiou4xJCJ6iCuIv6Bbr0=
63,7,AXLIsKVcmrFJbsuO96iffIy+6gU=,+q3UqOZ87AvGiIJY9aetCKVhGQc=
63,9,AXLIsKVcmrFJbsuO96iffIy+6gU=,lB5/eI7Aiou4xJCJ6iCuIv6Bbr0=
62,11,AXLIsKVcmrFJbsuO96iffIy+6gU=,lB5/eI7Aiou4xJCJ6iCuIv6Bbr0=
63,8,AXLIsKVcmrFJbsuO96iffIy+6gU=,lB5/eI7Aiou4xJCJ6iCuIv6Bbr0=
63,11,AXLIsKVcmrFJbsuO96iffIy+6gU=,lB5/eI7Aiou4xJCJ6iCuIv6Bbr0=
60,10,AXLIsKVcmrFJbsuO96iffIy+6gU=,lB5/eI7Aiou4xJCJ6iCuIv6Bbr0=
61,9,AXLIsKVcmrFJbsuO96iffIy+6gU=,lB5/eI7Aiou4xJCJ6iCuIv6Bbr0=
60,11,AXLIsKVcmrFJbsuO96iffIy+6gU=,lB5/eI7Aiou4xJCJ6iCuIv6Bbr0=
62,10,AXLIsKVcmrFJbsuO96iffIy+6gU=,lB5/eI7Aiou4xJCJ6iCuIv6Bbr0=
60,8,AXLIsKVcmrFJbsuO96iffIy+6gU=,lB5/eI7Aiou4xJCJ6iCuIv6Bbr0=
62,9,AXLIsKVcmrFJbsuO96iffIy+6gU=,lB5/eI7Aiou4xJCJ6iCuIv6Bbr0=
61,10,AXLIsKVcmrFJbsuO96iffIy+6gU=,lB5/eI7Aiou4xJCJ6iCuIv6Bbr0=
63,6,AXLIsKVcmrFJbsuO96iffIy+6gU=,+q3UqOZ87AvGiIJY9aetCKVhGQc=
61,11,AXLIsKVcmrFJbsuO96iffIy+6gU=,lB5/eI7Aiou4xJCJ6iCuIv6Bbr0=
61,8,AXLIsKVcmrFJbsuO96iffIy+6gU=,lB5/eI7Aiou4xJCJ6iCuIv6Bbr0=
61,4,AXLIsKVcmrFJbsuO96iffIy+6gU=,+q3UqOZ87AvGiIJY9aetCKVhGQc=
60,5,AXLIsKVcmrFJbsuO96iffIy+6gU=,+q3UqOZ87AvGiIJY9aetCKVhGQc=
60,9,AXLIsKVcmrFJbsuO96iffIy+6gU=,lB5/eI7Aiou4xJCJ6iCuIv6Bbr0=
60,6,AXLIsKVcmrFJbsuO96iffIy+6gU=,+q3UqOZ87AvGiIJY9aetCKVhGQc=
61,5,AXLIsKVcmrFJbsuO96iffIy+6gU=,+q3UqOZ87AvGiIJY9aetCKVhGQc=
61,6,AXLIsKVcmrFJbsuO96iffIy+6gU=,+q3UqOZ87AvGiIJY9aetCKVhGQc=
62,7,AXLIsKVcmrFJbsuO96iffIy+6gU=,+q3UqOZ87AvGiIJY9aetCKVhGQc=
62,8,AXLIsKVcmrFJbsuO96iffIy+6gU=,lB5/eI7Aiou4xJCJ6iCuIv6Bbr0=
61,7,AXLIsKVcmrFJbsuO96iffIy+6gU=,+q3UqOZ87AvGiIJY9aetCKVhGQc=
62,6,AXLIsKVcmrFJbsuO96iffIy+6gU=,+q3UqOZ87AvGiIJY9aetCKVhGQc=
60,7,AXLIsKVcmrFJbsuO96iffIy+6gU=,+q3UqOZ87AvGiIJY9aetCKVhGQc=
62,5,AXLIsKVcmrFJbsuO96iffIy+6gU=,+q3UqOZ87AvGiIJY9aetCKVhGQc=
60,4,AXLIsKVcmrFJbsuO96iffIy+6gU=,+q3UqOZ87AvGiIJY9aetCKVhGQc=
63,5,AXLIsKVcmrFJbsuO96iffIy+6gU=,+q3UqOZ87AvGiIJY9aetCKVhGQc=
62,4,AXLIsKVcmrFJbsuO96iffIy+6gU=,+q3UqOZ87AvGiIJY9aetCKVhGQc=
63,4,AXLIsKVcmrFJbsuO96iffIy+6gU=,+q3UqOZ87AvGiIJY9aetCKVhGQc=
57,15,AXLIsKVcmrFJbsuO96iffIy+6gU=,lB5/eI7Aiou4xJCJ6iCuIv6Bbr0=
63,14,AXLIsKVcmrFJbsuO96iffIy+6gU=,lB5/eI7Aiou4xJCJ6iCuIv6Bbr0=
63,15,AXLIsKVcmrFJbsuO96iffIy+6gU=,lB5/eI7Aiou4xJCJ6iCuIv6Bbr0=
58,15,AXLIsKVcmrFJbsuO96iffIy+6gU=,lB5/eI7Aiou4xJCJ6iCuIv6Bbr0=
63,13,AXLIsKVcmrFJbsuO96iffIy+6gU=,lB5/eI7Aiou4xJCJ6iCuIv6Bbr0=
61,15,AXLIsKVcmrFJbsuO96iffIy+6gU=,lB5/eI7Aiou4xJCJ6iCuIv6Bbr0=
62,15,AXLIsKVcmrFJbsuO96iffIy+6gU=,lB5/eI7Aiou4xJCJ6iCuIv6Bbr0=
62,12,AXLIsKVcmrFJbsuO96iffIy+6gU=,lB5/eI7Aiou4xJCJ6iCuIv6Bbr0=
62,13,AXLIsKVcmrFJbsuO96iffIy+6gU=,lB5/eI7Aiou4xJCJ6iCuIv6Bbr0=
60,15,AXLIsKVcmrFJbsuO96iffIy+6gU=,lB5/eI7Aiou4xJCJ6iCuIv6Bbr0=
62,14,AXLIsKVcmrFJbsuO96iffIy+6gU=,lB5/eI7Aiou4xJCJ6iCuIv6Bbr0=
61,14,AXLIsKVcmrFJbsuO96iffIy+6gU=,lB5/eI7Aiou4xJCJ6iCuIv6Bbr0=
60,14,AXLIsKVcmrFJbsuO96iffIy+6gU=,lB5/eI7Aiou4xJCJ6iCuIv6Bbr0=
61,13,AXLIsKVcmrFJbsuO96iffIy+6gU=,lB5/eI7Aiou4xJCJ6iCuIv6Bbr0=
60,12,AXLIsKVcmrFJbsuO96iffIy+6gU=,lB5/eI7Aiou4xJCJ6iCuIv6Bbr0=
52,0,AXLIsKVcmrFJbsuO96iffIy+6gU=,aF99yUYoA1PIM8tmT5XriouwAQU=
61,12,AXLIsKVcmrFJbsuO96iffIy+6gU=,lB5/eI7Aiou4xJCJ6iCuIv6Bbr0=
54,0,AXLIsKVcmrFJbsuO96iffIy+6gU=,aF99yUYoA1PIM8tmT5XriouwAQU=
56,0,AXLIsKVcmrFJbsuO96iffIy+6gU=,+q3UqOZ87AvGiIJY9aetCKVhGQc=
53,1,AXLIsKVcmrFJbsuO96iffIy+6gU=,aF99yUYoA1PIM8tmT5XriouwAQU=
52,3,AXLIsKVcmrFJbsuO96iffIy+6gU=,aF99yUYoA1PIM8tmT5XriouwAQU=
55,0,AXLIsKVcmrFJbsuO96iffIy+6gU=,aF99yUYoA1PIM8tmT5XriouwAQU=
52,1,AXLIsKVcmrFJbsuO96iffIy+6gU=,aF99yUYoA1PIM8tmT5XriouwAQU=
59,1,AXLIsKVcmrFJbsuO96iffIy+6gU=,+q3UqOZ87AvGiIJY9aetCKVhGQc=
58,1,AXLIsKVcmrFJbsuO96iffIy+6gU=,+q3UqOZ87AvGiIJY9aetCKVhGQc=
53,0,AXLIsKVcmrFJbsuO96iffIy+6gU=,aF99yUYoA1PIM8tmT5XriouwAQU=
54,1,AXLIsKVcmrFJbsuO96iffIy+6gU=,aF99yUYoA1PIM8tmT5XriouwAQU=
59,0,AXLIsKVcmrFJbsuO96iffIy+6gU=,+q3UqOZ87AvGiIJY9aetCKVhGQc=
59,2,AXLIsKVcmrFJbsuO96iffIy+6gU=,+q3UqOZ87AvGiIJY9aetCKVhGQc=
58,2,AXLIsKVcmrFJbsuO96iffIy+6gU=,+q3UqOZ87AvGiIJY9aetCKVhGQc=
60,13,AXLIsKVcmrFJbsuO96iffIy+6gU=,lB5/eI7Aiou4xJCJ6iCuIv6Bbr0=
58,0,AXLIsKVcmrFJbsuO96iffIy+6gU=,+q3UqOZ87AvGiIJY9aetCKVhGQc=
57,0,AXLIsKVcmrFJbsuO96iffIy+6gU=,+q3UqOZ87AvGiIJY9aetCKVhGQc=
54,3,AXLIsKVcmrFJbsuO96iffIy+6gU=,aF99yUYoA1PIM8tmT5XriouwAQU=
57,1,AXLIsKVcmrFJbsuO96iffIy+6gU=,+q3UqOZ87AvGiIJY9aetCKVhGQc=
54,2,AXLIsKVcmrFJbsuO96iffIy+6gU=,aF99yUYoA1PIM8tmT5XriouwAQU=
53,3,AXLIsKVcmrFJbsuO96iffIy+6gU=,aF99yUYoA1PIM8tmT5XriouwAQU=
59,3,AXLIsKVcmrFJbsuO96iffIy+6gU=,+q3UqOZ87AvGiIJY9aetCKVhGQc=
57,2,AXLIsKVcmrFJbsuO96iffIy+6gU=,+q3UqOZ87AvGiIJY9aetCKVhGQc=
52,2,AXLIsKVcmrFJbsuO96iffIy+6gU=,aF99yUYoA1PIM8tmT5XriouwAQU=
58,3,AXLIsKVcmrFJbsuO96iffIy+6gU=,+q3UqOZ87AvGiIJY9aetCKVhGQc=
56,1,AXLIsKVcmrFJbsuO96iffIy+6gU=,+q3UqOZ87AvGiIJY9aetCKVhGQc=
55,2,AXLIsKVcmrFJbsuO96iffIy+6gU=,aF99yUYoA1PIM8tmT5XriouwAQU=
53,2,AXLIsKVcmrFJbsuO96iffIy+6gU=,aF99yUYoA1PIM8tmT5XriouwAQU=
57,3,AXLIsKVcmrFJbsuO96iffIy+6gU=,+q3UqOZ87AvGiIJY9aetCKVhGQc=
55,1,AXLIsKVcmrFJbsuO96iffIy+6gU=,aF99yUYoA1PIM8tmT5XriouwAQU=
55,3,AXLIsKVcmrFJbsuO96iffIy+6gU=,aF99yUYoA1PIM8tmT5XriouwAQU=
56,3,AXLIsKVcmrFJbsuO96iffIy+6gU=,+q3UqOZ87AvGiIJY9aetCKVhGQc=
56,2,AXLIsKVcmrFJbsuO96iffIy+6gU=,+q3UqOZ87AvGiIJY9aetCKVhGQc=
55,15,AXLIsKVcmrFJbsuO96iffIy+6gU=,R+s7vRdExlJYKp8mrVTLsZ8pVzk=
53,13,AXLIsKVcmrFJbsuO96iffIy+6gU=,R+s7vRdExlJYKp8mrVTLsZ8pVzk=
54,13,AXLIsKVcmrFJbsuO96iffIy+6gU=,R+s7vRdExlJYKp8mrVTLsZ8pVzk=
52,13,AXLIsKVcmrFJbsuO96iffIy+6gU=,R+s7vRdExlJYKp8mrVTLsZ8pVzk=
56,12,AXLIsKVcmrFJbsuO96iffIy+6gU=,lB5/eI7Aiou4xJCJ6iCuIv6Bbr0=
54,14,AXLIsKVcmrFJbsuO96iffIy+6gU=,R+s7vRdExlJYKp8mrVTLsZ8pVzk=
55,13,AXLIsKVcmrFJbsuO96iffIy+6gU=,R+s7vRdExlJYKp8mrVTLsZ8pVzk=
52,14,AXLIsKVcmrFJbsuO96iffIy+6gU=,R+s7vRdExlJYKp8mrVTLsZ8pVzk=
53,14,AXLIsKVcmrFJbsuO96iffIy+6gU=,R+s7vRdExlJYKp8mrVTLsZ8pVzk=
58,13,AXLIsKVcmrFJbsuO96iffIy+6gU=,lB5/eI7Aiou4xJCJ6iCuIv6Bbr0=
59,15,AXLIsKVcmrFJbsuO96iffIy+6gU=,lB5/eI7Aiou4xJCJ6iCuIv6Bbr0=
59,12,AXLIsKVcmrFJbsuO96iffIy+6gU=,lB5/eI7Aiou4xJCJ6iCuIv6Bbr0=
56,13,AXLIsKVcmrFJbsuO96iffIy+6gU=,lB5/eI7Aiou4xJCJ6iCuIv6Bbr0=
59,14,AXLIsKVcmrFJbsuO96iffIy+6gU=,lB5/eI7Aiou4xJCJ6iCuIv6Bbr0=
52,12,AXLIsKVcmrFJbsuO96iffIy+6gU=,R+s7vRdExlJYKp8mrVTLsZ8pVzk=
58,14,AXLIsKVcmrFJbsuO96iffIy+6gU=,lB5/eI7Aiou4xJCJ6iCuIv6Bbr0=
53,12,AXLIsKVcmrFJbsuO96iffIy+6gU=,R+s7vRdExlJYKp8mrVTLsZ8pVzk=
56,15,AXLIsKVcmrFJbsuO96iffIy+6gU=,lB5/eI7Aiou4xJCJ6iCuIv6Bbr0=
59,13,AXLIsKVcmrFJbsuO96iffIy+6gU=,lB5/eI7Aiou4xJCJ6iCuIv6Bbr0=
55,14,AXLIsKVcmrFJbsuO96iffIy+6gU=,R+s7vRdExlJYKp8mrVTLsZ8pVzk=
53,15,AXLIsKVcmrFJbsuO96iffIy+6gU=,R+s7vRdExlJYKp8mrVTLsZ8pVzk=
57,12,AXLIsKVcmrFJbsuO96iffIy+6gU=,lB5/eI7Aiou4xJCJ6iCuIv6Bbr0=
55,12,AXLIsKVcmrFJbsuO96iffIy+6gU=,R+s7vRdExlJYKp8mrVTLsZ8pVzk=
54,15,AXLIsKVcmrFJbsuO96iffIy+6gU=,R+s7vRdExlJYKp8mrVTLsZ8pVzk=
56,14,AXLIsKVcmrFJbsuO96iffIy+6gU=,lB5/eI7Aiou4xJCJ6iCuIv6Bbr0=
52,15,AXLIsKVcmrFJbsuO96iffIy+6gU=,R+s7vRdExlJYKp8mrVTLsZ8pVzk=
54,12,AXLIsKVcmrFJbsuO96iffIy+6gU=,R+s7vRdExlJYKp8mrVTLsZ8pVzk=
57,13,AXLIsKVcmrFJbsuO96iffIy+6gU=,lB5/eI7Aiou4xJCJ6iCuIv6Bbr0=
58,12,AXLIsKVcmrFJbsuO96iffIy+6gU=,lB5/eI7Aiou4xJCJ6iCuIv6Bbr0=
49,2,AXLIsKVcmrFJbsuO96iffIy+6gU=,aF99yUYoA1PIM8tmT5XriouwAQU=
51,1,AXLIsKVcmrFJbsuO96iffIy+6gU=,aF99yUYoA1PIM8tmT5XriouwAQU=
50,2,AXLIsKVcmrFJbsuO96iffIy+6gU=,aF99yUYoA1PIM8tmT5XriouwAQU=
49,3,AXLIsKVcmrFJbsuO96iffIy+6gU=,aF99yUYoA1PIM8tmT5XriouwAQU=
51,3,AXLIsKVcmrFJbsuO96iffIy+6gU=,aF99yUYoA1PIM8tmT5XriouwAQU=
50,1,AXLIsKVcmrFJbsuO96iffIy+6gU=,aF99yUYoA1PIM8tmT5XriouwAQU=
49,1,AXLIsKVcmrFJbsuO96iffIy+6gU=,aF99yUYoA1PIM8tmT5XriouwAQU=
51,2,AXLIsKVcmrFJbsuO96iffIy+6gU=,aF99yUYoA1PIM8tmT5XriouwAQU=
48,3,AXLIsKVcmrFJbsuO96iffIy+6gU=,aF99yUYoA1PIM8tmT5XriouwAQU=
48,2,AXLIsKVcmrFJbsuO96iffIy+6gU=,aF99yUYoA1PIM8tmT5XriouwAQU=
48,1,AXLIsKVcmrFJbsuO96iffIy+6gU=,aF99yUYoA1PIM8tmT5XriouwAQU=
49,0,AXLIsKVcmrFJbsuO96iffIy+6gU=,aF99yUYoA1PIM8tmT5XriouwAQU=
60,2,AXLIsKVcmrFJbsuO96iffIy+6gU=,+q3UqOZ87AvGiIJY9aetCKVhGQc=
62,0,AXLIsKVcmrFJbsuO96iffIy+6gU=,+q3UqOZ87AvGiIJY9aetCKVhGQc=
61,1,AXLIsKVcmrFJbsuO96iffIy+6gU=,+q3UqOZ87AvGiIJY9aetCKVhGQc=
61,2,AXLIsKVcmrFJbsuO96iffIy+6gU=,+q3UqOZ87AvGiIJY9aetCKVhGQc=
63,1,AXLIsKVcmrFJbsuO96iffIy+6gU=,+q3UqOZ87AvGiIJY9aetCKVhGQc=
50,3,AXLIsKVcmrFJbsuO96iffIy+6gU=,aF99yUYoA1PIM8tmT5XriouwAQU=
61,0,AXLIsKVcmrFJbsuO96iffIy+6gU=,+q3UqOZ87AvGiIJY9aetCKVhGQc=
62,1,AXLIsKVcmrFJbsuO96iffIy+6gU=,+q3UqOZ87AvGiIJY9aetCKVhGQc=
61,3,AXLIsKVcmrFJbsuO96iffIy+6gU=,+q3UqOZ87AvGiIJY9aetCKVhGQc=
62,2,AXLIsKVcmrFJbsuO96iffIy+6gU=,+q3UqOZ87AvGiIJY9aetCKVhGQc=
60,0,AXLIsKVcmrFJbsuO96iffIy+6gU=,+q3UqOZ87AvGiIJY9aetCKVhGQc=
60,1,AXLIsKVcmrFJbsuO96iffIy+6gU=,+q3UqOZ87AvGiIJY9aetCKVhGQc=
63,2,AXLIsKVcmrFJbsuO96iffIy+6gU=,+q3UqOZ87AvGiIJY9aetCKVhGQc=
63,0,AXLIsKVcmrFJbsuO96iffIy+6gU=,+q3UqOZ87AvGiIJY9aetCKVhGQc=
48,0,AXLIsKVcmrFJbsuO96iffIy+6gU=,aF99yUYoA1PIM8tmT5XriouwAQU=
50,0,AXLIsKVcmrFJbsuO96iffIy+6gU=,aF99yUYoA1PIM8tmT5XriouwAQU=
62,3,AXLIsKVcmrFJbsuO96iffIy+6gU=,+q3UqOZ87AvGiIJY9aetCKVhGQc=
50,6,AXLIsKVcmrFJbsuO96iffIy+6gU=,aF99yUYoA1PIM8tmT5XriouwAQU=
48,15,AXLIsKVcmrFJbsuO96iffIy+6gU=,R+s7vRdExlJYKp8mrVTLsZ8pVzk=
50,5,AXLIsKVcmrFJbsuO96iffIy+6gU=,aF99yUYoA1PIM8tmT5XriouwAQU=
48,8,AXLIsKVcmrFJbsuO96iffIy+6gU=,R+s7vRdExlJYKp8mrVTLsZ8pVzk=
49,7,AXLIsKVcmrFJbsuO96iffIy+6gU=,aF99yUYoA1PIM8tmT5XriouwAQU=
51,14,AXLIsKVcmrFJbsuO96iffIy+6gU=,R+s7vRdExlJYKp8mrVTLsZ8pVzk=
51,7,AXLIsKVcmrFJbsuO96iffIy+6gU=,aF99yUYoA1PIM8tmT5XriouwAQU=
51,13,AXLIsKVcmrFJbsuO96iffIy+6gU=,R+s7vRdExlJYKp8mrVTLsZ8pVzk=
49,5,AXLIsKVcmrFJbsuO96iffIy+6gU=,aF99yUYoA1PIM8tmT5XriouwAQU=
51,6,AXLIsKVcmrFJbsuO96iffIy+6gU=,aF99yUYoA1PIM8tmT5XriouwAQU=
49,6,AXLIsKVcmrFJbsuO96iffIy+6gU=,aF99yUYoA1PIM8tmT5XriouwAQU=
50,14,AXLIsKVcmrFJbsuO96iffIy+6gU=,R+s7vRdExlJYKp8mrVTLsZ8pVzk=
50,7,AXLIsKVcmrFJbsuO96iffIy+6gU=,aF99yUYoA1PIM8tmT5XriouwAQU=
51,5,AXLIsKVcmrFJbsuO96iffIy+6gU=,aF99yUYoA1PIM8tmT5XriouwAQU=
49,8,AXLIsKVcmrFJbsuO96iffIy+6gU=,R+s7vRdExlJYKp8mrVTLsZ8pVzk=
49,14,AXLIsKVcmrFJbsuO96iffIy+6gU=,R+s7vRdExlJYKp8mrVTLsZ8pVzk=
50,8,AXLIsKVcmrFJbsuO96iffIy+6gU=,R+s7vRdExlJYKp8mrVTLsZ8pVzk=
49,13,AXLIsKVcmrFJbsuO96iffIy+6gU=,R+s7vRdExlJYKp8mrVTLsZ8pVzk=
50,9,AXLIsKVcmrFJbsuO96iffIy+6gU=,R+s7vRdExlJYKp8mrVTLsZ8pVzk=
51,9,AXLIsKVcmrFJbsuO96iffIy+6gU=,R+s7vRdExlJYKp8mrVTLsZ8pVzk=
51,0,AXLIsKVcmrFJbsuO96iffIy+6gU=,aF99yUYoA1PIM8tmT5XriouwAQU=
51,10,AXLIsKVcmrFJbsuO96iffIy+6gU=,R+s7vRdExlJYKp8mrVTLsZ8pVzk=
48,14,AXLIsKVcmrFJbsuO96iffIy+6gU=,R+s7vRdExlJYKp8mrVTLsZ8pVzk=
51,11,AXLIsKVcmrFJbsuO96iffIy+6gU=,R+s7vRdExlJYKp8mrVTLsZ8pVzk=
51,4,AXLIsKVcmrFJbsuO96iffIy+6gU=,aF99yUYoA1PIM8tmT5XriouwAQU=
49,11,AXLIsKVcmrFJbsuO96iffIy+6gU=,R+s7vRdExlJYKp8mrVTLsZ8pVzk=
48,5,AXLIsKVcmrFJbsuO96iffIy+6gU=,aF99yUYoA1PIM8tmT5XriouwAQU=
51,8,AXLIsKVcmrFJbsuO96iffIy+6gU=,R+s7vRdExlJYKp8mrVTLsZ8pVzk=
48,13,AXLIsKVcmrFJbsuO96iffIy+6gU=,R+s7vRdExlJYKp8mrVTLsZ8pVzk=
48,11,AXLIsKVcmrFJbsuO96iffIy+6gU=,R+s7vRdExlJYKp8mrVTLsZ8pVzk=
50,10,AXLIsKVcmrFJbsuO96iffIy+6gU=,R+s7vRdExlJYKp8mrVTLsZ8pVzk=
51,12,AXLIsKVcmrFJbsuO96iffIy+6gU=,R+s7vRdExlJYKp8mrVTLsZ8pVzk=
48,4,AXLIsKVcmrFJbsuO96iffIy+6gU=,aF99yUYoA1PIM8tmT5XriouwAQU=
51,15,AXLIsKVcmrFJbsuO96iffIy+6gU=,R+s7vRdExlJYKp8mrVTLsZ8pVzk=
48,7,AXLIsKVcmrFJbsuO96iffIy+6gU=,aF99yUYoA1PIM8tmT5XriouwAQU=
49,9,AXLIsKVcmrFJbsuO96iffIy+6gU=,R+s7vRdExlJYKp8mrVTLsZ8pVzk=
50,11,AXLIsKVcmrFJbsuO96iffIy+6gU=,R+s7vRdExlJYKp8mrVTLsZ8pVzk=
50,13,AXLIsKVcmrFJbsuO96iffIy+6gU=,R+s7vRdExlJYKp8mrVTLsZ8pVzk=
49,15,AXLIsKVcmrFJbsuO96iffIy+6gU=,R+s7vRdExlJYKp8mrVTLsZ8pVzk=
48,12,AXLIsKVcmrFJbsuO96iffIy+6gU=,R+s7vRdExlJYKp8mrVTLsZ8pVzk=
49,4,AXLIsKVcmrFJbsuO96iffIy+6gU=,aF99yUYoA1PIM8tmT5XriouwAQU=
50,15,AXLIsKVcmrFJbsuO96iffIy+6gU=,R+s7vRdExlJYKp8mrVTLsZ8pVzk=
60,3,AXLIsKVcmrFJbsuO96iffIy+6gU=,+q3UqOZ87AvGiIJY9aetCKVhGQc=
63,3,AXLIsKVcmrFJbsuO96iffIy+6gU=,+q3UqOZ87AvGiIJY9aetCKVhGQc=
49,10,AXLIsKVcmrFJbsuO96iffIy+6gU=,R+s7vRdExlJYKp8mrVTLsZ8pVzk=
48,9,AXLIsKVcmrFJbsuO96iffIy+6gU=,R+s7vRdExlJYKp8mrVTLsZ8pVzk=
49,12,AXLIsKVcmrFJbsuO96iffIy+6gU=,R+s7vRdExlJYKp8mrVTLsZ8pVzk=
48,6,AXLIsKVcmrFJbsuO96iffIy+6gU=,aF99yUYoA1PIM8tmT5XriouwAQU=
48,10,AXLIsKVcmrFJbsuO96iffIy+6gU=,R+s7vRdExlJYKp8mrVTLsZ8pVzk=
50,12,AXLIsKVcmrFJbsuO96iffIy+6gU=,R+s7vRdExlJYKp8mrVTLsZ8pVzk=
50,4,AXLIsKVcmrFJbsuO96iffIy+6gU=,aF99yUYoA1PIM8tmT5XriouwAQU=
